City_ID,City,Lat,Lng,Max Temp,Humidity,Cloudiness,Wind Speed,Country,Date
0,Constitucion,-35.3333,-72.4167,53.26,87,100,11.07,CL,2021-12-02 00:53:13
1,Banmankhi,25.8833,87.1833,64.36,62,8,2.24,IN,2021-12-02 00:53:13
2,Huarmey,-10.0681,-78.1522,66.52,86,100,6.64,PE,2021-12-02 00:53:14
3,Khatanga,71.9667,102.5,-38.29,100,92,1.28,RU,2021-12-02 00:53:15
4,Port Moresby,-9.4431,147.1797,85.42,74,40,5.75,PG,2021-12-02 00:53:15
5,Cape Town,-33.9258,18.4232,61.21,63,20,9.22,ZA,2021-12-02 00:53:16
6,Tuktoyaktuk,69.4541,-133.0374,-20.2,76,90,4.61,CA,2021-12-02 00:53:17
7,Puerto Ayora,-0.7393,-90.3518,69.57,86,52,9.75,EC,2021-12-02 00:53:18
8,Verkhnyaya Sysert,56.4372,60.75,35.4,94,100,6.73,RU,2021-12-02 00:53:18
9,Kapaa,22.0752,-159.319,80.92,71,40,5.01,US,2021-12-02 00:52:48
10,Avarua,-21.2078,-159.775,75.25,94,75,18.41,CK,2021-12-02 00:53:19
11,Longkou,37.6508,120.3286,40.96,52,2,19.22,CN,2021-12-02 00:53:20
12,Toledo,39.8333,-4.0,47.08,96,90,7.94,ES,2021-12-02 00:53:21
13,Dingle,10.9995,122.6711,78.13,92,100,11.27,PH,2021-12-02 00:53:21
14,Coquimbo,-29.9533,-71.3436,60.53,77,0,10.36,CL,2021-12-02 00:53:22
15,Ushuaia,-54.8,-68.3,47.86,61,40,24.16,AR,2021-12-02 00:51:31
16,Yellowknife,62.456,-114.3525,-1.68,84,90,10.36,CA,2021-12-02 00:53:23
17,Vredendal,-31.6683,18.5012,60.31,70,100,15.37,ZA,2021-12-02 00:53:24
18,Bilma,18.6853,12.9164,67.46,17,0,6.29,NE,2021-12-02 00:53:11
19,San Quintin,30.4833,-115.95,63.46,74,0,4.65,MX,2021-12-02 00:53:25
20,Torbay,47.6666,-52.7314,37.67,84,90,8.05,CA,2021-12-02 00:53:26
21,Basco,20.4487,121.9702,73.17,65,88,29.01,PH,2021-12-02 00:53:27
22,Vardo,70.3705,31.1107,34.34,60,100,31.59,NO,2021-12-02 00:53:28
23,Qaanaaq,77.484,-69.3632,4.42,74,18,6.58,GL,2021-12-02 00:53:28
24,High Level,58.5169,-117.136,3.31,85,90,2.3,CA,2021-12-02 00:53:29
25,Talakan,50.3167,130.3667,-0.89,81,100,2.98,RU,2021-12-02 00:53:30
26,Port Blair,11.6667,92.75,80.28,86,100,22.48,IN,2021-12-02 00:53:30
27,Weligama,5.9667,80.4167,74.91,88,4,3.74,LK,2021-12-02 00:48:56
28,Tasiilaq,65.6145,-37.6368,25.9,93,100,30.85,GL,2021-12-02 00:53:32
29,Vaini,-21.2,-175.2,86.16,79,20,11.5,TO,2021-12-02 00:53:32
30,Mar Del Plata,-38.0023,-57.5575,62.1,84,0,5.01,AR,2021-12-02 00:51:56
31,Bluff,-46.6,168.3333,70.81,71,100,10.16,NZ,2021-12-02 00:53:34
32,Ahuimanu,21.4447,-157.8378,83.79,68,75,12.66,US,2021-12-02 00:53:34
33,Albany,42.6001,-73.9662,34.66,81,100,1.5,US,2021-12-02 00:53:35
34,Jamestown,42.097,-79.2353,38.71,79,90,3.0,US,2021-12-02 00:49:31
35,Lebu,-37.6167,-73.65,54.68,90,100,13.06,CL,2021-12-02 00:53:36
36,Punta Arenas,-53.15,-70.9167,51.91,50,0,13.8,CL,2021-12-02 00:53:37
37,Sidi Ali,36.0998,0.4206,53.76,77,6,22.35,DZ,2021-12-02 00:53:38
38,Wenling,28.3669,121.36,46.9,51,0,6.15,CN,2021-12-02 00:53:39
39,Vrangel,42.7297,133.0839,28.11,57,5,16.22,RU,2021-12-02 00:53:40
40,Cabo San Lucas,22.8909,-109.9124,77.14,66,74,6.96,MX,2021-12-02 00:53:08
41,Hilo,19.7297,-155.09,77.25,88,42,3.0,US,2021-12-02 00:53:41
42,Caravelas,-17.7125,-39.2481,76.19,92,95,11.01,BR,2021-12-02 00:53:42
43,Bilibino,68.0546,166.4372,-31.77,100,81,2.73,RU,2021-12-02 00:53:43
44,Tiksi,71.6872,128.8694,-28.44,100,81,4.32,RU,2021-12-02 00:53:43
45,Jian,27.1172,114.9793,46.27,45,0,2.71,CN,2021-12-02 00:53:44
46,Butaritari,3.0707,172.7902,82.22,77,100,10.96,KI,2021-12-02 00:52:59
47,Mahebourg,-20.4081,57.7,77.29,78,40,3.44,MU,2021-12-02 00:53:45
48,Hobart,-42.8794,147.3294,89.02,55,20,1.01,AU,2021-12-02 00:52:50
49,Mabaruma,8.2,-59.7833,75.54,92,100,3.4,GY,2021-12-02 00:53:47
50,Rundu,-17.9333,19.7667,69.71,66,68,2.35,NA,2021-12-02 00:53:47
51,Atuona,-9.8,-139.0333,78.6,78,58,20.56,PF,2021-12-02 00:51:46
52,Bo Phloi,14.3236,99.5161,67.75,65,99,12.71,TH,2021-12-02 00:53:49
53,Saint-Philippe,-21.3585,55.7679,72.99,84,53,10.6,RE,2021-12-02 00:53:49
54,Narsaq,60.9167,-46.05,32.18,99,100,20.69,GL,2021-12-02 00:53:50
55,Opunake,-39.4556,173.8583,69.33,91,100,1.25,NZ,2021-12-02 00:53:51
56,Hami,42.8,93.45,24.55,63,0,4.43,CN,2021-12-02 00:53:51
57,Blagoyevo,63.3667,47.9167,17.82,97,97,4.56,RU,2021-12-02 00:53:52
58,Bollnas,61.3482,16.3946,18.95,79,89,3.74,SE,2021-12-02 00:53:53
59,Kodiak,57.79,-152.4072,15.31,73,90,21.85,US,2021-12-02 00:53:54
60,Lagoa,39.05,-27.9833,62.51,85,1,9.91,PT,2021-12-02 00:52:57
61,Longyearbyen,78.2186,15.6401,8.44,66,40,5.75,SJ,2021-12-02 00:53:55
62,Leningradskiy,69.3833,178.4167,-14.6,90,100,5.88,RU,2021-12-02 00:53:55
63,Baykit,61.67,96.37,2.97,98,100,1.97,RU,2021-12-02 00:53:57
64,Mataura,-46.1927,168.8643,70.48,36,100,1.79,NZ,2021-12-02 00:53:57
65,Pangnirtung,66.1451,-65.7125,2.93,97,100,7.16,CA,2021-12-02 00:53:58
66,Darhan,49.4867,105.9228,12.51,91,100,3.8,MN,2021-12-02 00:53:59
67,Loandjili,-4.7561,11.8578,75.31,94,40,2.3,CG,2021-12-02 00:53:59
68,Esperance,-33.8667,121.9,67.84,60,9,11.23,AU,2021-12-02 00:54:00
69,Sept-Iles,50.2001,-66.3821,27.12,93,90,4.61,CA,2021-12-02 00:50:32
70,Talnakh,69.4865,88.3972,-23.37,98,18,4.68,RU,2021-12-02 00:54:01
71,Bredasdorp,-34.5322,20.0403,59.72,71,100,10.49,ZA,2021-12-02 00:52:36
72,Severo-Kurilsk,50.6789,156.125,40.53,89,100,19.44,RU,2021-12-02 00:54:03
73,Verkhnyaya Inta,65.9811,60.3094,10.38,81,100,13.11,RU,2021-12-02 00:54:03
74,Cedar City,37.6775,-113.0619,45.18,51,6,2.21,US,2021-12-02 00:54:04
75,Artyom,40.4723,50.333,46.54,74,99,26.28,AZ,2021-12-02 00:54:06
76,Hurghada,27.2574,33.8129,66.24,59,0,19.57,EG,2021-12-02 00:54:07
77,Georgetown,5.4112,100.3354,78.89,88,20,1.99,MY,2021-12-02 00:52:39
78,Muromtsevo,56.3724,75.2418,24.73,79,100,10.63,RU,2021-12-02 00:54:08
79,Homburg,49.3167,7.3333,42.53,80,75,10.36,DE,2021-12-02 00:54:09
80,Port Alfred,-33.5906,26.891,67.33,92,93,0.96,ZA,2021-12-02 00:54:09
81,Itoman,26.1247,127.6694,64.78,63,75,5.75,JP,2021-12-02 00:54:11
82,Timra,62.487,17.3257,17.67,82,90,10.36,SE,2021-12-02 00:54:11
83,Te Anau,-45.4167,167.7167,71.49,49,100,1.36,NZ,2021-12-02 00:50:07
84,Nome,64.5011,-165.4064,-19.84,77,5,5.1,US,2021-12-02 00:54:13
85,Ust-Ishim,57.6935,71.1665,32.88,76,100,11.61,RU,2021-12-02 00:54:14
86,Hoyanger,61.2204,6.0749,34.99,88,29,7.0,NO,2021-12-02 00:54:15
87,Chuy,-33.6971,-53.4616,58.78,76,9,7.09,UY,2021-12-02 00:51:09
88,Thompson,55.7435,-97.8558,-0.24,78,90,8.05,CA,2021-12-02 00:50:21
89,Norman Wells,65.282,-126.8329,-21.96,63,90,4.61,CA,2021-12-02 00:54:16
90,Busselton,-33.65,115.3333,66.04,49,31,10.8,AU,2021-12-02 00:52:38
91,Hofn,64.2539,-15.2082,26.94,75,100,5.32,IS,2021-12-02 00:50:00
92,Seaforth,17.9358,-76.4573,81.45,88,100,7.2,JM,2021-12-02 00:54:19
93,Fort Nelson,58.8053,-122.7002,-6.21,77,75,3.44,CA,2021-12-02 00:50:21
94,Iquitos,-3.7481,-73.2472,77.04,88,75,2.3,PE,2021-12-02 00:54:20
95,Bhiwani,28.7833,76.1333,61.86,34,100,2.15,IN,2021-12-02 00:54:21
96,Deniliquin,-35.5333,144.9667,90.0,30,6,8.79,AU,2021-12-02 00:49:37
97,Port Elizabeth,-33.918,25.5701,66.09,82,0,23.02,ZA,2021-12-02 00:54:22
98,East London,-33.0153,27.9116,69.22,92,100,3.49,ZA,2021-12-02 00:54:23
99,Oksovskiy,62.6062,39.8984,16.59,96,99,4.25,RU,2021-12-02 00:54:24
100,Calvinia,-31.4707,19.776,54.0,70,100,5.14,ZA,2021-12-02 00:54:25
101,Fairfield,41.2668,-73.3162,41.74,73,100,1.34,US,2021-12-02 00:54:26
102,Viking,53.1001,-111.7684,37.26,81,100,11.25,CA,2021-12-02 00:54:26
103,Yulara,-25.2406,130.9889,94.84,15,0,10.36,AU,2021-12-02 00:54:27
104,Inhambane,-23.865,35.3833,72.7,86,62,10.85,MZ,2021-12-02 00:54:28
105,Lata,40.1629,-8.3327,52.21,91,100,6.87,PT,2021-12-02 00:54:28
106,Victor Harbor,-35.5667,138.6167,81.19,70,59,1.99,AU,2021-12-02 00:54:29
107,Tuatapere,-46.1333,167.6833,70.83,53,100,6.35,NZ,2021-12-02 00:54:30
108,Yambio,4.5721,28.3955,69.08,89,81,2.82,SS,2021-12-02 00:54:17
109,Belmonte,-15.8631,-38.8828,79.3,89,100,10.11,BR,2021-12-02 00:54:31
110,Constanza,47.6603,9.1758,45.03,90,100,3.0,DE,2021-12-02 00:54:31
111,Faanui,-16.4833,-151.75,76.78,83,100,12.77,PF,2021-12-02 00:54:32
112,Barrow,71.2906,-156.7887,-21.06,98,23,4.7,US,2021-12-02 00:54:33
113,Gavle,60.6745,17.1417,22.21,61,100,2.48,SE,2021-12-02 00:54:34
114,Rikitea,-23.1203,-134.9692,76.51,73,0,17.22,PF,2021-12-02 00:52:38
115,Aliwal North,-30.6937,26.7114,69.15,17,100,5.28,ZA,2021-12-02 00:54:35
116,Bathsheba,13.2167,-59.5167,81.21,78,40,19.57,BB,2021-12-02 00:54:36
117,Mogadishu,2.0371,45.3438,80.73,74,80,12.21,SO,2021-12-02 00:54:36
118,Aykhal,66.0,111.5,-20.09,100,95,4.65,RU,2021-12-02 00:54:37
119,Necochea,-38.5473,-58.7368,63.03,66,0,14.63,AR,2021-12-02 00:54:38
120,Vao,-22.6667,167.4833,76.69,78,58,17.69,NC,2021-12-02 00:50:05
121,Amapa,1.0,-52.0,72.91,99,100,2.35,BR,2021-12-02 00:53:20
122,Tabou,4.423,-7.3528,79.54,81,9,4.99,CI,2021-12-02 00:54:40
123,Nazarovo,56.0064,90.3914,21.58,86,100,6.35,RU,2021-12-02 00:54:41
124,Gizo,-8.103,156.8419,85.95,66,100,3.13,SB,2021-12-02 00:54:41
125,Evensk,61.95,159.2333,4.84,69,100,25.12,RU,2021-12-02 00:54:42
126,Bengkulu,-3.8004,102.2655,77.86,77,35,3.62,ID,2021-12-02 00:54:43
127,La Asuncion,11.0333,-63.8628,80.33,94,100,11.5,VE,2021-12-02 00:54:44
128,Vila,42.0304,-8.1588,41.32,91,100,7.29,PT,2021-12-02 00:54:44
129,Salinopolis,-0.6136,-47.3561,81.14,79,97,11.86,BR,2021-12-02 00:54:45
130,Ambilobe,-13.2,49.05,73.15,76,35,2.64,MG,2021-12-02 00:53:00
131,Lorengau,-2.0226,147.2712,86.25,67,68,3.33,PG,2021-12-02 00:54:46
132,Kahului,20.8947,-156.47,85.26,84,83,8.01,US,2021-12-02 00:54:47
133,Madang,-5.2246,145.7966,88.48,60,88,2.13,PG,2021-12-02 00:54:48
134,Quatre Cocos,-20.2078,57.7625,77.11,76,28,12.88,MU,2021-12-02 00:54:48
135,Pacific Grove,36.6177,-121.9166,72.0,46,0,2.82,US,2021-12-02 00:54:49
136,Bantry,51.6833,-9.45,40.48,72,71,12.88,IE,2021-12-02 00:54:50
137,Hermanus,-34.4187,19.2345,59.9,75,100,10.98,ZA,2021-12-02 00:54:10
138,Ulladulla,-35.35,150.4667,79.7,63,10,9.35,AU,2021-12-02 00:54:51
139,Arlit,18.7369,7.3853,66.31,21,0,3.47,NE,2021-12-02 00:54:52
140,Bambous Virieux,-20.3428,57.7575,77.25,78,40,3.44,MU,2021-12-02 00:53:01
141,Kavieng,-2.5744,150.7967,85.41,65,68,7.61,PG,2021-12-02 00:54:53
142,Kumano,34.3442,132.5894,42.89,56,4,3.06,JP,2021-12-02 00:54:54
143,Kamyaran,34.7956,46.9355,53.55,84,76,6.42,IR,2021-12-02 00:54:55
144,Saskylakh,71.9167,114.0833,-33.81,100,99,1.05,RU,2021-12-02 00:54:56
145,Kaitangata,-46.2817,169.8464,65.93,76,100,9.35,NZ,2021-12-02 00:54:56
146,Bambanglipuro,-7.95,110.2833,81.1,78,100,4.76,ID,2021-12-02 00:54:57
147,Bethel,41.3712,-73.414,40.82,73,100,1.05,US,2021-12-02 00:54:58
148,Airai,-8.9266,125.4092,74.21,54,100,2.26,TL,2021-12-02 00:54:58
149,Strelka,58.0728,93.0344,24.35,95,100,8.46,RU,2021-12-02 00:54:59
150,Wajid,3.8093,43.2471,73.09,78,16,12.44,SO,2021-12-02 00:55:00
151,Byron Bay,-28.65,153.6167,79.88,73,82,13.67,AU,2021-12-02 00:54:50
152,Jardim,-21.4803,-56.1381,81.41,53,97,2.51,BR,2021-12-02 00:55:01
153,Codrington,-38.2667,141.9667,66.58,72,100,11.25,AU,2021-12-02 00:55:02
154,Auki,-8.7676,160.7034,83.73,74,100,3.65,SB,2021-12-02 00:55:03
155,Wainwright,52.839,-110.8572,37.31,81,100,12.24,CA,2021-12-02 00:55:03
156,Sitka,57.0531,-135.33,34.72,68,100,14.65,US,2021-12-02 00:55:04
157,New Norfolk,-42.7826,147.0587,88.66,24,84,6.62,AU,2021-12-02 00:52:53
158,Diglur,18.55,77.6,65.91,71,87,3.94,IN,2021-12-02 00:55:05
159,Karratha,-20.7377,116.8463,94.17,23,3,12.26,AU,2021-12-02 00:55:06
160,Sao Joao Da Barra,-21.6403,-41.0511,72.43,95,2,8.01,BR,2021-12-02 00:55:07
161,Turbat,26.0023,63.044,68.61,35,0,4.85,PK,2021-12-02 00:55:07
162,Ponta Do Sol,32.6667,-17.1,65.71,72,19,5.86,PT,2021-12-02 00:55:08
163,Richards Bay,-28.783,32.0377,73.31,84,4,14.74,ZA,2021-12-02 00:55:09
164,Margate,51.3813,1.3862,38.7,75,48,8.01,GB,2021-12-02 00:55:10
165,Elat,29.5581,34.9482,62.44,59,0,6.91,IL,2021-12-02 00:52:16
166,Korla,41.7597,86.1469,21.63,73,1,2.42,CN,2021-12-02 00:55:11
167,Bartica,6.4,-58.6167,75.52,99,100,2.26,GY,2021-12-02 00:55:12
168,Alta Floresta,-9.8756,-56.0861,71.49,98,100,2.51,BR,2021-12-02 00:55:13
169,Castro,-24.7911,-50.0119,62.82,96,32,8.46,BR,2021-12-02 00:55:14
170,Lakes Entrance,-37.8811,147.981,89.17,46,0,9.22,AU,2021-12-02 00:55:15
171,Beisfjord,68.3751,17.5988,31.24,83,100,15.3,NO,2021-12-02 00:55:16
172,Nikolskoye,59.7035,30.7861,21.09,98,95,3.29,RU,2021-12-02 00:55:17
173,Henties Bay,-22.116,14.2845,58.86,94,2,6.51,NA,2021-12-02 00:55:18
174,Hobyo,5.3505,48.5268,78.69,67,100,14.85,SO,2021-12-02 00:55:19
175,Goderich,43.7501,-81.7165,38.91,75,100,12.66,CA,2021-12-02 00:55:20
176,Isiro,2.7739,27.616,65.89,99,100,0.72,CD,2021-12-02 00:55:20
177,Merrill,45.1805,-89.6835,41.59,96,1,8.05,US,2021-12-02 00:55:21
178,Taldan,53.6667,124.8,3.65,85,100,4.0,RU,2021-12-02 00:55:22
179,Agde,43.3108,3.4758,48.45,87,75,5.99,FR,2021-12-02 00:55:22
180,Karla,59.3723,24.9275,17.06,92,20,2.3,EE,2021-12-02 00:55:23
181,Samarai,-10.6167,150.6667,86.16,72,100,12.21,PG,2021-12-02 00:55:24
182,Chokurdakh,70.6333,147.9167,-32.98,100,99,7.23,RU,2021-12-02 00:51:17
183,Babstovo,48.1167,132.4833,7.77,80,100,5.86,RU,2021-12-02 00:55:25
184,Okha,53.5739,142.9478,23.5,89,100,52.37,RU,2021-12-02 00:55:26
185,Kholodnyy,62.7167,147.95,-25.38,94,100,6.2,RU,2021-12-02 00:55:27
186,Ishinomaki,38.4167,141.3,41.09,68,10,23.06,JP,2021-12-02 00:55:28
187,Ribeira Grande,38.5167,-28.7,64.26,81,9,7.07,PT,2021-12-02 00:55:28
188,Talcahuano,-36.7167,-73.1167,58.68,72,0,11.5,CL,2021-12-02 00:55:29
189,Nanortalik,60.1432,-45.2371,33.37,95,100,24.99,GL,2021-12-02 00:51:31
190,Antofagasta,-23.65,-70.4,61.88,80,62,5.7,CL,2021-12-02 00:55:30
191,Dumfries,38.5676,-77.328,53.53,64,1,0.0,US,2021-12-02 00:55:30
192,Touros,-5.1989,-35.4608,81.5,74,37,10.96,BR,2021-12-02 00:53:04
193,Petropavlovsk-Kamchatskiy,53.0452,158.6483,43.39,100,90,31.32,RU,2021-12-02 00:55:31
194,Poya,-21.35,165.15,85.28,66,70,3.98,NC,2021-12-02 00:55:32
195,Karasburg,-28.0167,18.75,57.09,45,62,10.4,NA,2021-12-02 00:55:33
196,Cidreira,-30.1811,-50.2056,65.34,71,16,7.61,BR,2021-12-02 00:55:34
197,Taos,36.4072,-105.5731,55.8,26,1,1.01,US,2021-12-02 00:55:34
198,Danville,36.586,-79.395,54.61,52,75,0.0,US,2021-12-02 00:52:12
199,Hasaki,35.7333,140.8333,52.29,36,0,19.91,JP,2021-12-02 00:52:44
200,Salinas,36.6777,-121.6555,73.76,44,0,1.23,US,2021-12-02 00:50:42
201,Pozo Colorado,-23.4923,-58.7972,77.4,36,3,6.29,PY,2021-12-02 00:55:37
202,Saint Anthony,45.0205,-93.218,51.73,71,1,3.0,US,2021-12-02 00:52:47
203,Isangel,-19.55,169.2667,75.31,100,40,12.66,VU,2021-12-02 00:55:38
204,Eureka,40.8021,-124.1637,58.12,82,0,1.99,US,2021-12-02 00:55:39
205,Bacolod,10.6667,122.95,80.49,85,100,12.5,PH,2021-12-02 00:55:40
206,Ostrovnoy,68.0531,39.5131,26.15,88,100,32.75,RU,2021-12-02 00:55:41
207,Clyde River,70.4692,-68.5914,7.03,85,100,25.32,CA,2021-12-02 00:54:41
208,Urengoy,65.9667,78.3667,-2.56,96,100,11.74,RU,2021-12-02 00:55:42
209,Neryungri,56.6709,124.6491,1.04,94,100,9.19,RU,2021-12-02 00:55:42
210,Moose Factory,51.2585,-80.6094,15.8,86,90,9.22,CA,2021-12-02 00:55:43
211,Chopovychi,50.8332,28.9533,31.46,97,100,14.67,UA,2021-12-02 00:55:44
212,Kaeo,-35.1,173.7833,72.32,81,99,8.46,NZ,2021-12-02 00:55:45
213,Shirokiy,49.758,129.523,1.2,92,100,5.32,RU,2021-12-02 00:55:45
214,Bundaberg,-24.85,152.35,79.09,73,90,6.91,AU,2021-12-02 00:55:46
215,Mount Gambier,-37.8333,140.7667,62.51,77,90,10.36,AU,2021-12-02 00:55:47
216,Saint-Denis,48.9167,2.3333,43.23,92,75,1.99,FR,2021-12-02 00:55:47
217,Binga,-17.6203,27.3414,77.13,41,1,3.56,ZW,2021-12-02 00:55:48
218,Voh,-20.9667,164.7,87.19,62,59,5.39,NC,2021-12-02 00:55:49
219,Wewak,-3.5534,143.6268,85.5,69,100,1.28,PG,2021-12-02 00:55:50
220,Analipsis,35.3167,25.5667,54.95,69,0,3.71,GR,2021-12-02 00:55:50
221,Vaitape,-16.5167,-151.75,76.75,83,100,12.68,PF,2021-12-02 00:55:51
222,Raudeberg,61.9875,5.1352,34.47,57,96,28.54,NO,2021-12-02 00:55:52
223,Fukue,32.6881,128.8419,46.76,61,75,6.91,JP,2021-12-02 00:55:52
224,Williams Lake,52.1415,-122.1445,35.17,94,75,2.3,CA,2021-12-02 00:55:53
225,Saint George,37.1041,-113.5841,60.94,26,0,2.48,US,2021-12-02 00:55:54
226,Tallahassee,30.4383,-84.2807,59.52,74,23,4.07,US,2021-12-02 00:55:37
227,Rio Gallegos,-51.6226,-69.2181,57.25,28,0,21.85,AR,2021-12-02 00:51:33
228,Ledyard,41.4398,-72.0142,41.67,75,1,1.01,US,2021-12-02 00:55:55
229,Kiunga,-6.1219,141.2906,79.39,83,95,3.22,PG,2021-12-02 00:55:56
230,Kulhudhuffushi,6.6221,73.07,81.32,77,38,9.17,MV,2021-12-02 00:55:57
231,Xuzhou,34.1805,117.1571,40.37,33,0,9.46,CN,2021-12-02 00:55:57
232,Jiaocheng,24.6774,116.1389,51.03,39,0,3.8,CN,2021-12-02 00:55:58
233,Seoul,37.5683,126.9778,33.24,61,0,5.75,KR,2021-12-02 00:53:40
234,Bose,45.4612,8.0137,39.96,88,100,0.47,IT,2021-12-02 00:55:59
235,Provideniya,64.3833,-173.3,0.36,50,40,6.71,RU,2021-12-02 00:54:39
236,Teguise,29.0605,-13.564,61.02,72,20,13.8,ES,2021-12-02 00:56:01
237,Svobodnyy,51.4,128.1333,2.35,77,100,5.55,RU,2021-12-02 00:56:01
238,Oltu,40.5498,42.0013,24.6,97,100,1.9,TR,2021-12-02 00:56:02
239,Mayya,61.7333,130.2811,-32.69,100,28,2.21,RU,2021-12-02 00:56:03
240,Owando,-0.4819,15.8999,70.99,97,100,2.28,CG,2021-12-02 00:56:03
241,Petrokamenskoye,57.716,60.6484,36.79,90,100,9.6,RU,2021-12-02 00:56:04
242,Kampene,-3.6,26.6667,67.46,99,99,0.81,CD,2021-12-02 00:56:05
243,Port Macquarie,-31.4333,152.9167,75.88,73,27,10.92,AU,2021-12-02 00:56:05
244,Ola,59.5833,151.2833,10.17,81,100,27.72,RU,2021-12-02 00:56:06
245,Rafai,4.95,23.9167,72.45,84,100,1.79,CF,2021-12-02 00:56:07
246,Camacha,33.0833,-16.3333,61.54,77,40,5.75,PT,2021-12-02 00:56:08
247,Comodoro Rivadavia,-45.8667,-67.5,64.26,25,26,33.38,AR,2021-12-02 00:56:09
248,Baruun-Urt,46.6806,113.2792,21.06,62,18,17.56,MN,2021-12-02 00:56:09
249,Healesville,-37.65,145.5167,91.85,42,100,6.29,AU,2021-12-02 00:56:10
250,Bintulu,3.1667,113.0333,77.41,94,20,3.0,MY,2021-12-02 00:56:11
251,Port Lavaca,28.615,-96.6261,69.22,88,1,4.61,US,2021-12-02 00:56:11
252,Millinocket,45.6573,-68.7098,28.35,71,50,6.78,US,2021-12-02 00:53:53
253,Bayan,46.0833,127.4,21.61,84,100,19.71,CN,2021-12-02 00:56:13
254,Kropotkin,45.4375,40.5756,39.6,86,76,11.05,RU,2021-12-02 00:56:13
255,Hithadhoo,-0.6,73.0833,81.57,76,91,6.62,MV,2021-12-02 00:56:14
256,Madimba,-10.4,40.3333,78.12,83,40,9.22,TZ,2021-12-02 00:56:15
257,Ayan,56.45,138.1667,5.2,75,100,19.15,RU,2021-12-02 00:56:15
258,Yerbogachen,61.2767,108.0108,-21.5,99,86,3.85,RU,2021-12-02 00:56:16
259,Beringovskiy,63.05,179.3167,1.98,88,56,12.95,RU,2021-12-02 00:56:17
260,Tarko-Sale,64.9225,77.785,5.76,96,100,10.45,RU,2021-12-02 00:56:17
261,Tautira,-17.7333,-149.15,86.02,76,100,19.69,PF,2021-12-02 00:56:18
262,Along,28.1667,94.7667,54.7,70,100,1.48,IN,2021-12-02 00:56:19
263,Lannion,48.75,-3.4167,46.42,66,75,13.8,FR,2021-12-02 00:56:19
264,Alacranes,22.7675,-81.5675,68.94,82,15,5.48,CU,2021-12-02 00:56:20
265,Namibe,-15.1961,12.1522,70.7,80,80,5.5,AO,2021-12-02 00:54:18
266,Ilam,26.9167,87.9167,55.29,66,44,5.61,NP,2021-12-02 00:56:21
267,Ulaanbaatar,47.9077,106.8832,1.53,78,0,2.24,MN,2021-12-02 00:56:22
268,Miri,4.4148,114.0089,80.74,83,20,3.44,MY,2021-12-02 00:56:23
269,Zalantun,48.0,122.7167,25.92,66,95,19.93,CN,2021-12-02 00:56:23
270,Ahipara,-35.1667,173.1667,70.88,65,100,3.0,NZ,2021-12-02 00:56:24
271,Pundaguitan,6.3711,126.1689,82.45,75,100,5.5,PH,2021-12-02 00:56:25
272,Aklavik,68.2191,-135.0107,-16.6,76,90,8.05,CA,2021-12-02 00:56:26
273,Vygonichi,53.0985,34.0673,26.71,74,96,4.47,RU,2021-12-02 00:56:26
274,Anshun,26.25,105.9333,45.3,73,100,4.52,CN,2021-12-02 00:56:27
275,Carnarvon,-24.8667,113.6333,73.47,56,0,26.46,AU,2021-12-02 00:55:24
276,Ancud,-41.8697,-73.8203,51.33,74,100,5.88,CL,2021-12-02 00:56:28
277,Moree,-29.4667,149.85,84.22,54,9,8.05,AU,2021-12-02 00:56:29
278,Cartagena,10.3997,-75.5144,80.22,83,75,5.75,CO,2021-12-02 00:54:53
279,Hay River,60.8156,-115.7999,6.78,85,90,3.44,CA,2021-12-02 00:56:30
280,Joao Pinheiro,-17.7425,-46.1725,72.37,83,99,2.35,BR,2021-12-02 00:52:07
281,Mecca,21.4267,39.8261,72.14,71,0,2.19,SA,2021-12-02 00:56:32
282,Chapais,49.7834,-74.8492,4.78,90,100,5.91,CA,2021-12-02 00:56:32
283,Komsomolskiy,40.4272,71.7189,35.02,69,9,4.61,UZ,2021-12-02 00:56:33
284,Bahir Dar,11.5936,37.3908,58.78,47,0,3.56,ET,2021-12-02 00:56:34
285,Kastamonu,41.5,33.6667,31.05,93,99,2.95,TR,2021-12-02 00:56:34
286,Faya,18.3851,42.4509,48.31,56,9,3.27,SA,2021-12-02 00:56:35
287,Seddon,-37.8068,144.8916,92.61,43,0,8.01,AU,2021-12-02 00:56:36
288,Beyneu,45.3167,55.2,41.63,89,100,14.58,KZ,2021-12-02 00:56:36
289,Maniitsoq,65.4167,-52.9,35.42,65,100,16.62,GL,2021-12-02 00:56:23
290,Vilhena,-12.7406,-60.1458,69.93,99,100,3.6,BR,2021-12-02 00:56:38
291,Mizan Teferi,6.9833,35.5833,62.67,70,91,2.77,ET,2021-12-02 00:56:39
292,Nishihara,26.1842,127.7558,63.68,63,75,5.75,JP,2021-12-02 00:56:40
293,Guanica,17.9716,-66.908,79.92,84,81,6.69,PR,2021-12-02 00:56:40
294,Zhigansk,66.7697,123.3711,-40.86,99,71,6.71,RU,2021-12-02 00:56:41
295,Umm Kaddadah,13.6017,26.6876,72.45,23,0,18.32,SD,2021-12-02 00:56:42
296,Sorland,67.667,12.6934,34.79,59,100,35.3,NO,2021-12-02 00:56:42
297,Coolum Beach,-26.5333,153.1,80.11,79,73,11.61,AU,2021-12-02 00:56:43
298,Mbini,1.574,9.6134,78.64,87,100,9.86,GQ,2021-12-02 00:56:44
299,Vestmanna,62.1564,-7.1664,32.92,60,75,20.71,FO,2021-12-02 00:56:44
300,Cherskiy,68.75,161.3,-31.32,100,71,5.17,RU,2021-12-02 00:56:45
301,Mariental,-24.6333,17.9667,68.77,27,96,8.95,NA,2021-12-02 00:56:46
302,Bozoum,6.3193,16.3799,72.21,38,92,1.99,CF,2021-12-02 00:56:47
303,Walvis Bay,-22.9575,14.5053,59.09,82,0,5.75,NA,2021-12-02 00:56:48
304,Vanimo,-2.6741,141.3028,85.14,69,100,3.67,PG,2021-12-02 00:56:06
305,Tigzirt,36.8886,4.1198,53.47,66,0,9.1,DZ,2021-12-02 00:56:49
306,Belaya Kalitva,48.17,40.78,34.09,90,91,12.37,RU,2021-12-02 00:56:49
307,Ouadda,8.0777,22.4007,71.96,33,77,4.41,CF,2021-12-02 00:56:50
308,Mackay,-21.15,149.2,91.69,66,0,6.91,AU,2021-12-02 00:56:51
309,Zhezkazgan,47.8043,67.7144,30.7,71,99,12.91,KZ,2021-12-02 00:56:51
310,Santiago Del Estero,-27.7951,-64.2615,78.82,39,17,11.05,AR,2021-12-02 00:56:52
311,Newport,51.5877,-2.9984,40.24,79,2,1.99,GB,2021-12-02 00:56:53
312,Ketchikan,55.3422,-131.6461,35.01,74,99,12.5,US,2021-12-02 00:56:53
313,Marrakesh,31.6315,-8.0083,50.07,71,20,2.3,MA,2021-12-02 00:56:55
314,Koungheul,13.9833,-14.8,81.09,18,100,7.9,SN,2021-12-02 00:56:55
315,Solnechnyy,50.7214,136.6319,13.23,73,100,5.61,RU,2021-12-02 00:56:56
316,Bafoulabe,13.8065,-10.8321,80.11,15,85,3.87,ML,2021-12-02 00:56:56
317,Grimshaw,56.1834,-117.6027,32.02,79,20,2.3,CA,2021-12-02 00:56:57
318,Plouzane,48.3833,-4.6167,46.58,68,20,16.11,FR,2021-12-02 00:56:58
319,Russell,32.3502,-85.1999,58.71,55,0,4.7,US,2021-12-02 00:56:58
320,Oktyabrskoye,43.0645,44.7417,28.54,86,100,6.71,RU,2021-12-02 00:56:59
321,Kibaya,-5.3,36.5667,58.57,95,65,4.43,TZ,2021-12-02 00:57:00
322,Cairns,-16.9167,145.7667,95.11,59,8,12.66,AU,2021-12-02 00:55:14
323,Maningrida,-12.0667,134.2667,92.19,52,100,4.45,AU,2021-12-02 00:57:01
324,Armidale,-30.5167,151.65,70.81,59,31,6.06,AU,2021-12-02 00:57:02
325,Tungao,8.7772,125.5719,83.61,78,100,3.4,PH,2021-12-02 00:57:03
326,Pandan,14.0453,124.1694,79.29,81,100,22.44,PH,2021-12-02 00:57:03
327,Salalah,17.0151,54.0924,72.07,46,0,6.11,OM,2021-12-02 00:55:09
328,Lavumisa,-27.31,31.892,68.77,94,9,5.53,SZ,2021-12-02 00:57:05
329,Pemberton,50.3164,-122.8027,51.49,100,100,6.13,CA,2021-12-02 00:57:05
330,Bonthe,7.5264,-12.505,75.6,95,100,6.24,SL,2021-12-02 00:57:06
331,Mgandu,-5.95,34.1333,63.72,74,12,7.36,TZ,2021-12-02 00:57:07
332,Harper,4.375,-7.7169,79.3,81,13,5.23,LR,2021-12-02 00:57:07
333,Ercis,39.0287,43.3586,33.64,86,86,8.46,TR,2021-12-02 00:55:18
334,Matadi,-5.8167,13.45,75.33,95,100,0.34,CD,2021-12-02 00:57:09
335,Pembroke,45.8168,-77.1162,31.66,70,100,7.96,CA,2021-12-02 00:55:46
336,Redwater,33.3582,-94.2544,64.33,77,0,4.97,US,2021-12-02 00:57:10
337,Grindavik,63.8424,-22.4338,36.07,100,90,26.46,IS,2021-12-02 00:56:19
338,Kieta,-6.2167,155.6333,86.65,62,98,4.32,PG,2021-12-02 00:57:11
339,Krasnogorsk,55.8225,37.3181,22.37,79,75,15.66,RU,2021-12-02 00:57:12
340,Datong,40.0936,113.2914,24.51,49,0,6.55,CN,2021-12-02 00:57:12
341,Aulla,44.2146,9.9678,57.43,88,100,9.13,IT,2021-12-02 00:57:13
342,Champerico,14.3,-91.9167,84.74,70,4,4.29,GT,2021-12-02 00:57:14
343,Poum,-20.2333,164.0167,81.73,76,25,13.47,NC,2021-12-02 00:57:15
344,Port Lincoln,-34.7333,135.8667,63.88,58,97,11.9,AU,2021-12-02 00:57:15
345,Bucerias,20.75,-105.3333,75.0,84,91,0.69,MX,2021-12-02 00:57:00
346,Epe,6.5841,3.9834,77.99,90,43,4.83,NG,2021-12-02 00:57:17
347,Bonavista,48.6499,-53.1147,35.11,70,3,13.96,CA,2021-12-02 00:57:18
348,Garcia Hernandez,9.6144,124.2946,82.96,76,100,2.51,PH,2021-12-02 00:57:18
349,Sangar,63.9242,127.4739,-32.6,97,10,3.76,RU,2021-12-02 00:57:19
350,Upernavik,72.7868,-56.1549,27.09,96,100,6.4,GL,2021-12-02 00:57:20
351,Sinnamary,5.3833,-52.95,78.13,89,100,11.52,GF,2021-12-02 00:57:20
352,Sungaipenuh,-2.0833,101.3833,71.85,69,54,2.28,ID,2021-12-02 00:57:21
353,Jacareacanga,-6.2222,-57.7528,72.48,99,90,1.45,BR,2021-12-02 00:57:22
354,Mezen,65.8522,44.24,16.5,94,100,8.19,RU,2021-12-02 00:57:22
355,Dikson,73.5069,80.5464,-6.99,96,100,15.12,RU,2021-12-02 00:53:03
356,Djenne,13.9061,-4.5533,77.68,15,80,6.69,ML,2021-12-02 00:57:24
357,Zlitan,32.4674,14.5687,56.48,48,0,12.06,LY,2021-12-02 00:57:24
358,Axim,4.8699,-2.2405,79.11,84,19,5.5,GH,2021-12-02 00:57:25
359,Sliven,42.6858,26.3292,40.75,62,0,3.27,BG,2021-12-02 00:57:26
360,Damaturu,11.747,11.9608,69.28,36,27,9.42,NG,2021-12-02 00:57:27
361,Clive,41.603,-93.7241,55.42,51,1,5.01,US,2021-12-02 00:57:28
362,Ternate,0.8,127.4,82.35,77,100,10.22,ID,2021-12-02 00:57:29
363,Karema,-6.8205,30.4389,70.7,86,49,3.62,TZ,2021-12-02 00:57:30
364,Eberswalde,52.8349,13.8195,44.65,69,100,27.94,DE,2021-12-02 00:57:31
365,Boqueirao,-7.5,-36.1333,74.79,71,100,12.21,BR,2021-12-02 00:57:31
366,Sioux Lookout,50.1001,-91.917,34.18,100,90,2.3,CA,2021-12-02 00:57:32
367,Soyo,-6.1349,12.3689,77.88,90,100,4.76,AO,2021-12-02 00:57:33
368,Honiara,-9.4333,159.95,85.46,73,100,4.25,SB,2021-12-02 00:53:00
369,Bandarbeyla,9.4942,50.8122,74.75,64,0,13.73,SO,2021-12-02 00:57:34
370,Javanrud,34.7961,46.5172,44.87,81,95,6.76,IR,2021-12-02 00:57:34
371,Lasa,46.6166,10.7002,38.14,97,100,1.21,IT,2021-12-02 00:52:36
372,Dunedin,-45.8742,170.5036,60.21,82,100,16.33,NZ,2021-12-02 00:52:44
373,Koran,43.8103,18.5689,31.51,100,75,2.3,BA,2021-12-02 00:57:36
374,Victoria,22.2855,114.1577,63.25,44,12,1.01,HK,2021-12-02 00:55:10
375,Ordzhonikidze,52.4411,61.7408,30.33,87,40,12.75,KZ,2021-12-02 00:57:38
376,Havoysund,70.9963,24.6622,31.08,62,100,27.2,NO,2021-12-02 00:57:39
377,Kirakira,-10.4544,161.9205,84.25,74,33,3.78,SB,2021-12-02 00:57:40
378,Galle,6.0367,80.217,76.03,86,10,3.76,LK,2021-12-02 00:57:40
379,Grand Gaube,-20.0064,57.6608,77.4,78,2,1.99,MU,2021-12-02 00:57:41
380,Ranfurly,-45.1333,170.1,65.07,56,100,6.06,NZ,2021-12-02 00:57:42
381,Pires Do Rio,-17.2997,-48.2794,70.14,90,98,1.3,BR,2021-12-02 00:57:42
382,Naudero,27.6648,68.3622,57.22,24,0,4.18,PK,2021-12-02 00:57:43
383,Sisimiut,66.9395,-53.6735,33.03,80,98,5.66,GL,2021-12-02 00:57:43
384,Klaksvik,62.2266,-6.589,34.72,60,99,27.81,FO,2021-12-02 00:53:18
385,Pontianak,-0.0333,109.3333,78.78,83,20,5.75,ID,2021-12-02 00:57:44
386,Northam,51.0333,-4.2167,40.39,71,5,11.74,GB,2021-12-02 00:57:45
387,Iqaluit,63.7506,-68.5145,11.93,73,90,2.3,CA,2021-12-02 00:57:46
388,Kapuskasing,49.4169,-82.4331,19.49,93,90,10.36,CA,2021-12-02 00:57:46
389,Talas,38.6908,35.5538,29.07,80,75,5.75,TR,2021-12-02 00:57:47
390,Makakilo City,21.3469,-158.0858,82.62,61,20,13.8,US,2021-12-02 00:56:02
391,Palmer,42.1584,-72.3287,36.21,76,100,2.42,US,2021-12-02 00:56:42
392,Aswan,24.0934,32.907,63.7,55,0,13.8,EG,2021-12-02 00:57:49
393,Catuday,16.2923,119.8062,77.31,70,92,9.42,PH,2021-12-02 00:57:49
394,Homa Bay,-0.5273,34.4571,66.83,72,100,3.6,KE,2021-12-02 00:57:50
395,Hammerfest,70.6634,23.6821,30.65,86,75,18.41,NO,2021-12-02 00:57:51
396,Tuy Hoa,13.0833,109.3,71.78,89,100,12.73,VN,2021-12-02 00:57:51
397,Januaria,-15.4833,-44.3667,70.7,84,100,2.73,BR,2021-12-02 00:57:52
398,Namatanai,-3.6667,152.4333,86.16,63,100,3.83,PG,2021-12-02 00:57:53
399,Dongsheng,39.8161,109.9776,20.95,51,0,17.02,CN,2021-12-02 00:57:53
400,Zhanaozen,43.3,52.8,40.91,82,100,17.6,KZ,2021-12-02 00:57:54
401,Voyvozh,62.892,54.9635,23.45,97,100,4.0,RU,2021-12-02 00:57:55
402,Shingu,33.7333,135.9833,47.39,48,0,3.09,JP,2021-12-02 00:57:55
403,Meulaboh,4.1363,96.1285,76.78,86,27,5.21,ID,2021-12-02 00:57:56
404,Vila Velha,-20.3297,-40.2925,76.95,93,90,4.61,BR,2021-12-02 00:57:57
405,Kununurra,-15.7667,128.7333,98.58,39,100,11.5,AU,2021-12-02 00:57:58
406,Araouane,18.9048,-3.5265,71.67,17,88,10.4,ML,2021-12-02 00:57:58
407,Utete,-7.986,38.758,71.56,97,42,0.85,TZ,2021-12-02 00:57:59
408,Bosaso,11.2842,49.1816,71.73,60,0,2.35,SO,2021-12-02 00:58:00
409,Arraial Do Cabo,-22.9661,-42.0278,73.29,88,5,6.93,BR,2021-12-02 00:57:49
410,Matagami,49.7502,-77.6328,15.91,86,90,8.05,CA,2021-12-02 00:58:01
411,College,64.8569,-147.8028,-2.54,77,75,0.0,US,2021-12-02 00:54:44
412,Uxbridge,42.0773,-71.6295,37.65,76,100,1.01,US,2021-12-02 00:54:48
413,Naze,28.3667,129.4833,56.32,65,100,13.27,JP,2021-12-02 00:58:03
414,Alice Springs,-23.7,133.8833,92.75,14,4,11.5,AU,2021-12-02 00:58:03
415,Marawi,7.9986,124.2928,71.65,75,100,2.89,PH,2021-12-02 00:58:04
416,Plymouth,41.8334,-70.8328,40.98,81,80,3.67,US,2021-12-02 00:58:05
417,Innisfail,-17.5333,146.0333,88.2,61,7,9.1,AU,2021-12-02 00:58:05
418,Ilulissat,69.2167,-51.1,30.97,61,100,11.52,GL,2021-12-02 00:58:06
419,Amahai,-3.3333,128.9167,81.34,78,100,1.79,ID,2021-12-02 00:58:07
420,Moron,-34.6534,-58.6198,67.98,74,0,5.99,AR,2021-12-02 00:58:07
421,Saint-Augustin,51.226,-58.6502,14.5,92,100,2.24,CA,2021-12-02 00:58:08
422,Sur,22.5667,59.5289,71.71,52,0,2.64,OM,2021-12-02 00:58:09
423,Yerofey Pavlovich,53.9667,121.9667,2.88,91,100,3.47,RU,2021-12-02 00:58:09
424,Laguna,38.421,-121.4238,68.43,72,1,1.01,US,2021-12-02 00:58:10
425,Kousseri,12.0769,15.0306,78.76,22,10,12.66,CM,2021-12-02 00:58:11
426,Aksarka,66.5606,67.7975,-1.01,97,100,10.11,RU,2021-12-02 00:58:12
427,Ende,-8.8432,121.6623,84.67,69,100,1.3,ID,2021-12-02 00:58:12
428,Malumfashi,11.7853,7.6218,68.85,22,19,9.82,NG,2021-12-02 00:58:13
429,Yar-Sale,66.8333,70.8333,0.52,96,100,12.68,RU,2021-12-02 00:56:53
430,Boyolangu,-8.1181,111.8935,81.12,79,98,3.42,ID,2021-12-02 00:58:14
431,Galveston,29.3669,-94.9669,70.18,88,98,7.34,US,2021-12-02 00:58:15
432,Mattru,7.6244,-11.8332,74.07,98,100,4.5,SL,2021-12-02 00:58:16
433,Katsuura,35.1333,140.3,57.18,39,0,10.71,JP,2021-12-02 00:58:16
434,Kenai,60.5544,-151.2583,19.15,88,100,5.46,US,2021-12-02 00:58:17
435,Saldanha,-33.0117,17.9442,59.05,75,0,20.65,ZA,2021-12-02 00:54:04
436,Urumqi,43.801,87.6005,7.75,79,1,2.24,CN,2021-12-02 00:56:37
437,Acarau,-2.8856,-40.12,80.51,78,98,13.67,BR,2021-12-02 00:58:18
438,Kuusamo,65.9667,29.1833,17.64,86,90,3.44,FI,2021-12-02 00:58:19
439,Port Hedland,-20.3167,118.5667,96.85,19,66,9.22,AU,2021-12-02 00:58:20
440,Jeremoabo,-10.075,-38.4808,75.63,75,78,8.72,BR,2021-12-02 00:58:20
441,Ko Samui,9.5357,99.9357,81.28,77,50,18.5,TH,2021-12-02 00:58:22
442,Penarroya-Pueblonuevo,38.3,-5.2667,46.45,87,100,12.1,ES,2021-12-02 00:58:22
443,Hamilton,39.1834,-84.5333,53.11,86,40,1.01,US,2021-12-02 00:58:23
444,Souillac,-20.5167,57.5167,77.38,78,40,3.44,MU,2021-12-02 00:57:37
445,Coffs Harbour,-30.3,153.1333,79.12,74,75,17.27,AU,2021-12-02 00:58:24
446,Holme,56.1138,10.1725,31.86,90,100,23.82,DK,2021-12-02 00:58:25
447,Gualaceo,-2.9,-78.7833,60.46,95,92,2.59,EC,2021-12-02 00:58:25
448,Kajaani,64.2273,27.7285,8.65,92,90,1.14,FI,2021-12-02 00:58:26
449,Muros,42.7762,-9.0603,52.23,94,100,20.98,ES,2021-12-02 00:58:27
450,Caohai,26.8661,104.2841,38.77,93,100,3.6,CN,2021-12-02 00:58:28
451,Bosanska Gradiska,45.1411,17.25,53.85,78,100,4.54,BA,2021-12-02 00:54:01
452,Rio Grande,-32.035,-52.0986,63.95,66,93,10.45,BR,2021-12-02 00:57:40
453,Kamenka,51.3223,42.7678,31.75,87,100,11.81,RU,2021-12-02 00:58:29
454,Moranbah,-22.0016,148.0466,87.08,44,0,8.1,AU,2021-12-02 00:58:30
455,Plettenberg Bay,-34.0527,23.3716,61.7,89,100,7.7,ZA,2021-12-02 00:58:31
456,Kodinsk,58.6881,99.1844,11.32,95,100,3.85,RU,2021-12-02 00:54:07
457,Wexford,52.3342,-6.4575,38.57,87,96,12.24,IE,2021-12-02 00:58:32
458,Mount Isa,-20.7333,139.5,96.57,20,0,11.5,AU,2021-12-02 00:58:32
459,Shelabolikha,53.4131,82.6167,20.66,87,8,5.37,RU,2021-12-02 00:58:33
460,Yamada,39.4667,141.95,38.71,61,14,22.55,JP,2021-12-02 00:58:34
461,Gigmoto,13.7796,124.39,79.45,82,100,20.22,PH,2021-12-02 00:58:34
462,Moa,20.6569,-74.9403,77.83,81,48,10.09,CU,2021-12-02 00:58:35
463,San Jeronimo,-11.9472,-75.2829,54.97,75,98,3.53,PE,2021-12-02 00:58:36
464,Anadyr,64.75,177.4833,1.9,84,90,4.0,RU,2021-12-02 00:58:36
465,Horn Lake,34.9554,-90.0348,62.02,80,4,5.99,US,2021-12-02 00:58:37
466,Shimoga,13.9167,75.5667,67.08,95,25,1.48,IN,2021-12-02 00:58:38
467,Norilsk,69.3535,88.2027,-23.04,99,13,5.1,RU,2021-12-02 00:58:39
468,Yeppoon,-23.1333,150.7333,85.78,67,10,8.28,AU,2021-12-02 00:58:39
469,Steinbach,50.1667,8.5667,42.78,79,75,6.91,DE,2021-12-02 00:58:40
470,Madaoua,14.073,5.96,71.33,19,23,10.87,NE,2021-12-02 00:58:41
471,Kashi,39.4547,75.9797,25.81,54,0,8.95,CN,2021-12-02 00:58:41
472,Rioja,-29.4111,-66.8507,84.2,36,47,12.57,AR,2021-12-02 00:58:42
473,Capinzal,-27.3436,-51.6119,63.0,73,17,1.52,BR,2021-12-02 00:58:43
474,Sambava,-14.2667,50.1667,75.2,84,46,8.77,MG,2021-12-02 00:58:43
475,Broken Hill,-31.95,141.4333,89.31,27,9,17.27,AU,2021-12-02 00:58:44
476,Tharad,24.3961,71.6267,67.8,54,93,5.53,IN,2021-12-02 00:58:45
477,Kontagora,10.3999,5.4695,72.75,23,79,2.46,NG,2021-12-02 00:58:45
478,Marihatag,8.7936,126.2969,83.17,73,94,0.76,PH,2021-12-02 00:58:47
479,Jiuquan,39.7432,98.5174,24.22,38,0,6.42,CN,2021-12-02 00:58:47
480,Carutapera,-1.195,-46.02,80.8,77,94,8.59,BR,2021-12-02 00:58:48
481,Kongolo,-5.3833,27.0,67.8,98,50,1.57,CD,2021-12-02 00:58:48
482,Tarbes,43.25,0.1667,44.26,93,75,6.91,FR,2021-12-02 00:58:49
483,Aden,12.7794,45.0367,78.39,58,0,9.19,YE,2021-12-02 00:58:49
484,Gwadar,25.1216,62.3254,72.84,51,0,4.0,PK,2021-12-02 00:58:50
485,Butler,39.4501,-84.5666,51.46,89,90,6.91,US,2021-12-02 00:58:51
486,Alyangula,-13.8483,136.4192,89.47,74,75,3.44,AU,2021-12-02 00:58:51
487,Vila Do Maio,15.1333,-23.2167,75.51,66,100,17.85,CV,2021-12-02 00:58:52
488,San Felipe,10.3399,-68.7425,71.31,99,83,2.46,VE,2021-12-02 00:58:53
489,Turukhansk,65.8167,87.9833,-6.84,88,56,9.82,RU,2021-12-02 00:58:54
490,Kalabo,-14.97,22.6814,75.67,49,100,4.59,ZM,2021-12-02 00:58:55
491,Aguadilla,18.4275,-67.1541,78.6,94,75,1.01,PR,2021-12-02 00:58:55
492,Raton,36.9034,-104.4391,51.19,30,0,4.45,US,2021-12-02 00:58:56
493,Novoalekseyevskaya,44.8189,40.9339,37.4,92,100,11.36,RU,2021-12-02 00:58:56
494,Vanavara,60.34,102.2797,-3.8,94,100,3.11,RU,2021-12-02 00:54:12
495,Valparaiso,-33.0393,-71.6273,60.44,70,0,11.5,CL,2021-12-02 00:58:26
496,Asfi,32.2994,-9.2372,56.84,71,0,8.03,MA,2021-12-02 00:58:58
497,Portland,45.5234,-122.6762,59.77,89,76,1.32,US,2021-12-02 00:55:24
498,Domazlice,49.4405,12.9298,43.5,96,100,15.05,CZ,2021-12-02 00:58:59
499,Joao Camara,-5.5375,-35.8197,79.84,78,100,7.94,BR,2021-12-02 00:59:00
500,Havre-Saint-Pierre,50.2334,-63.5986,28.4,93,90,4.61,CA,2021-12-02 00:59:01
501,Diffa,13.3154,12.6113,72.25,36,69,11.12,NE,2021-12-02 00:59:02
502,Sechura,-5.5569,-80.8222,66.96,79,95,10.94,PE,2021-12-02 00:57:35
503,Luderitz,-26.6481,15.1594,60.1,73,2,16.64,NA,2021-12-02 00:59:03
504,Kyra,49.5776,111.9753,17.4,59,2,21.74,RU,2021-12-02 00:59:04
505,Teguldet,57.3064,88.1667,21.45,81,100,10.78,RU,2021-12-02 00:59:05
506,Lincoln,40.8,-96.667,60.3,38,13,1.99,US,2021-12-02 00:59:05
507,Huntley,42.1681,-88.4281,46.98,91,100,3.0,US,2021-12-02 00:59:06
508,Lavrentiya,65.5833,-171.0,-10.62,83,0,5.66,RU,2021-12-02 00:56:12
509,Koulikoro,14.0,-7.75,73.83,16,10,7.05,ML,2021-12-02 00:59:08
510,Mehamn,71.0357,27.8492,33.37,60,100,26.69,NO,2021-12-02 00:59:08
511,Blackwater,-23.5833,148.8833,88.16,42,7,6.02,AU,2021-12-02 00:59:09
512,Balkanabat,39.5108,54.3671,65.01,45,100,8.52,TM,2021-12-02 00:59:10
513,Dunyapur,29.7995,71.7196,59.83,29,0,4.76,PK,2021-12-02 00:59:10
514,Nitra,48.3076,18.0845,43.68,96,100,9.71,SK,2021-12-02 00:59:11
515,San Patricio,28.017,-97.5169,70.05,77,18,6.51,US,2021-12-02 00:59:12
516,Todos Santos,23.45,-110.2167,76.75,72,10,5.14,MX,2021-12-02 00:59:12
517,Knysna,-34.0363,23.0471,61.18,89,100,6.82,ZA,2021-12-02 00:59:13
518,Nishiwaki,34.9833,134.9667,50.58,65,8,1.9,JP,2021-12-02 00:59:14
519,Wagga Wagga,-35.1167,147.3667,85.6,50,0,4.61,AU,2021-12-02 00:56:22
520,Lima,-12.0432,-77.0282,67.89,76,0,11.5,PE,2021-12-02 00:56:19
521,Kushima,31.4583,131.2333,44.64,54,19,2.1,JP,2021-12-02 00:59:16
522,Pevek,69.7008,170.3133,-7.65,94,100,6.22,RU,2021-12-02 00:59:16
523,Rock Sound,24.9,-76.2,77.76,67,6,12.33,BS,2021-12-02 00:59:17
524,Yichang,30.7144,111.2847,49.12,46,2,1.81,CN,2021-12-02 00:59:18
525,Rawson,-43.3002,-65.1023,68.29,52,0,9.22,AR,2021-12-02 00:59:18
526,Gemena,3.25,19.7667,69.55,96,98,3.02,CD,2021-12-02 00:59:19
527,Sambo Creek,15.8167,-86.6833,77.0,94,20,0.0,HN,2021-12-02 00:59:20
528,Acapulco,16.8634,-99.8901,82.22,78,1,4.61,MX,2021-12-02 00:56:38
529,Ucluelet,48.9329,-125.5528,52.09,95,100,1.99,CA,2021-12-02 00:59:21
530,Ust-Nera,64.5667,143.2,-44.34,100,91,5.03,RU,2021-12-02 00:59:22
531,Cayenne,4.9333,-52.3333,80.1,87,0,2.3,GF,2021-12-02 00:59:22
532,Agadez,19.75,10.25,63.75,18,100,8.01,NE,2021-12-02 00:59:23
533,Maceio,-9.6658,-35.7353,78.24,83,20,5.75,BR,2021-12-02 00:59:24
534,Hutchinson,38.0608,-97.9298,60.31,50,1,10.02,US,2021-12-02 00:56:05
535,Thayetmyo,19.3167,95.1833,68.16,85,21,4.25,MM,2021-12-02 00:59:25
536,Sterling,39.0062,-77.4286,52.56,58,90,7.0,US,2021-12-02 00:54:34
537,Erzin,36.9559,36.2,46.92,53,1,5.01,TR,2021-12-02 00:59:26
538,Maues,-3.3836,-57.7186,77.45,87,100,4.63,BR,2021-12-02 00:59:27
539,Khanpur,28.6453,70.6567,61.68,29,0,5.55,PK,2021-12-02 00:59:28
540,Hommelvik,63.4108,10.7942,31.98,96,90,4.61,NO,2021-12-02 00:59:28
541,Atar,20.5169,-13.0499,69.1,14,100,10.69,MR,2021-12-02 00:59:29
542,Vogan,6.3333,1.5333,82.22,84,51,8.77,TG,2021-12-02 00:59:30
543,Guerrero Negro,27.9769,-114.0611,65.8,73,1,8.99,MX,2021-12-02 00:58:47
544,Berlevag,70.8578,29.0864,33.98,60,100,29.68,NO,2021-12-02 00:55:32
545,Oistins,13.0667,-59.5333,80.69,78,40,19.57,BB,2021-12-02 00:59:31
546,Gunjur,13.2019,-16.7339,73.47,68,70,4.61,GM,2021-12-02 00:59:32
547,Youkounkoun,12.5333,-13.1333,75.87,24,18,0.34,GN,2021-12-02 00:59:33
548,Boa Vista,2.8197,-60.6733,76.98,88,75,2.3,BR,2021-12-02 00:59:33
549,Aasiaat,68.7098,-52.8699,26.98,64,65,9.98,GL,2021-12-02 00:59:34
550,Coihaique,-45.5752,-72.0662,44.55,76,75,9.22,CL,2021-12-02 00:59:35
551,Pisco,-13.7,-76.2167,66.25,77,0,16.11,PE,2021-12-02 00:59:35
552,Soverato,38.685,16.5499,51.75,84,97,4.43,IT,2021-12-02 00:59:36
553,Bokoro,12.3807,17.0568,75.34,24,7,13.78,TD,2021-12-02 00:59:37
554,Garden City,42.3256,-83.331,41.9,94,90,4.61,US,2021-12-02 00:56:51
555,Pathalgaon,22.5667,83.4667,55.58,57,41,3.71,IN,2021-12-02 00:59:38
556,Alugan,12.2188,125.4808,80.47,86,100,13.82,PH,2021-12-02 00:59:39
557,Gravdal,68.1214,13.5031,32.86,62,100,33.31,NO,2021-12-02 00:59:40
558,Hohhot,40.8106,111.6522,5.29,78,0,4.47,CN,2021-12-02 00:59:41
559,Bani Walid,31.7566,13.9942,51.1,50,5,8.7,LY,2021-12-02 00:59:41
560,Sinjar,36.3209,41.8754,49.35,63,3,7.09,IQ,2021-12-02 00:59:42
561,San Borja,-14.8167,-66.85,78.21,73,100,3.11,BO,2021-12-02 00:59:43
562,Oriximina,-1.7656,-55.8661,82.31,61,100,2.06,BR,2021-12-02 00:59:43
563,Wajima,37.4,136.9,39.88,93,75,2.3,JP,2021-12-02 00:59:44
564,Hovd,48.0056,91.6419,14.47,64,2,1.12,MN,2021-12-02 00:59:45
565,Abu Kamal,34.4506,40.9171,60.4,49,100,10.8,SY,2021-12-02 00:58:09
566,Fairbanks,64.8378,-147.7164,-4.7,77,100,3.06,US,2021-12-02 00:59:46
567,Flin Flon,54.7682,-101.865,8.44,78,90,6.91,CA,2021-12-02 00:59:46
568,Bezhanitsy,56.9767,29.8907,16.68,99,100,3.44,RU,2021-12-02 00:59:48
569,Daru,-9.0763,143.2092,86.85,68,83,3.76,PG,2021-12-02 00:57:40
570,Kisangani,0.5167,25.2,70.48,98,99,2.28,CD,2021-12-02 00:59:49
571,Marathon,44.9,-89.7668,42.04,92,100,1.01,US,2021-12-02 00:59:50
572,Bang Saphan,11.2126,99.5117,80.55,78,82,10.67,TH,2021-12-02 00:59:50
573,Tura,25.5198,90.2201,62.31,69,71,3.56,IN,2021-12-02 00:59:51
574,Dakar,14.6937,-17.4441,74.28,88,100,4.61,SN,2021-12-02 00:59:52
575,Itarema,-2.9248,-39.9167,80.51,78,97,13.53,BR,2021-12-02 00:59:53
576,Portel,-1.9356,-50.8211,80.83,69,100,4.94,BR,2021-12-02 00:59:53
577,Farafangana,-22.8167,47.8333,73.9,89,93,5.53,MG,2021-12-02 00:59:54
578,Constitucion,-35.3333,-72.4167,53.26,87,100,11.07,CL,2021-12-02 01:15:56
579,Banmankhi,25.8833,87.1833,64.36,62,8,2.24,IN,2021-12-02 01:19:59
580,Huarmey,-10.0681,-78.1522,66.52,86,100,6.64,PE,2021-12-02 01:20:00
581,Khatanga,71.9667,102.5,-38.29,100,92,1.28,RU,2021-12-02 01:17:32
582,Port Moresby,-9.4431,147.1797,85.93,69,91,5.32,PG,2021-12-02 01:17:19
583,Cape Town,-33.9258,18.4232,60.35,64,20,8.05,ZA,2021-12-02 01:20:02
584,Tuktoyaktuk,69.4541,-133.0374,-16.6,76,90,6.91,CA,2021-12-02 01:20:03
585,Puerto Ayora,-0.7393,-90.3518,69.17,88,70,8.72,EC,2021-12-02 01:20:03
586,Verkhnyaya Sysert,56.4372,60.75,35.4,94,100,6.73,RU,2021-12-02 01:20:04
587,Kapaa,22.0752,-159.319,84.18,76,20,5.01,US,2021-12-02 01:20:05
588,Avarua,-21.2078,-159.775,77.05,88,75,14.97,CK,2021-12-02 01:20:05
589,Longkou,37.6508,120.3286,40.84,52,0,19.01,CN,2021-12-02 01:20:06
590,Toledo,39.8333,-4.0,48.07,96,90,7.94,ES,2021-12-02 01:20:07
591,Dingle,10.9995,122.6711,78.13,92,100,11.27,PH,2021-12-02 01:20:07
592,Coquimbo,-29.9533,-71.3436,58.73,82,0,6.91,CL,2021-12-02 01:20:08
593,Ushuaia,-54.8,-68.3,46.06,66,40,18.41,AR,2021-12-02 01:20:09
594,Yellowknife,62.456,-114.3525,-1.68,84,75,9.22,CA,2021-12-02 01:16:07
595,Vredendal,-31.6683,18.5012,60.15,72,100,15.23,ZA,2021-12-02 01:20:10
596,Bilma,18.6853,12.9164,67.91,16,0,6.53,NE,2021-12-02 01:20:10
597,San Quintin,30.4833,-115.95,63.46,74,0,4.65,MX,2021-12-02 01:20:12
598,Torbay,47.6666,-52.7314,37.67,84,90,0.0,CA,2021-12-02 01:20:13
599,Basco,20.4487,121.9702,73.92,63,99,28.32,PH,2021-12-02 01:20:13
600,Vardo,70.3705,31.1107,34.34,60,100,31.59,NO,2021-12-02 01:20:14
601,Qaanaaq,77.484,-69.3632,5.38,72,10,6.42,GL,2021-12-02 01:20:15
602,High Level,58.5169,-117.136,3.31,85,90,0.0,CA,2021-12-02 01:20:16
603,Talakan,50.3167,130.3667,-1.25,82,100,3.09,RU,2021-12-02 01:20:16
604,Port Blair,11.6667,92.75,80.4,87,100,22.44,IN,2021-12-02 01:20:17
605,Weligama,5.9667,80.4167,74.91,88,4,3.74,LK,2021-12-02 01:20:18
606,Tasiilaq,65.6145,-37.6368,25.88,93,100,30.4,GL,2021-12-02 01:20:19
607,Vaini,-21.2,-175.2,84.36,84,20,11.5,TO,2021-12-02 01:20:19
608,Mar Del Plata,-38.0023,-57.5575,62.1,85,0,5.99,AR,2021-12-02 01:20:20
609,Bluff,-46.6,168.3333,70.81,71,100,10.16,NZ,2021-12-02 01:20:21
610,Ahuimanu,21.4447,-157.8378,83.91,67,75,11.5,US,2021-12-02 01:20:22
611,Albany,42.6001,-73.9662,34.61,81,100,1.5,US,2021-12-02 01:15:32
612,Jamestown,42.097,-79.2353,40.59,82,90,7.0,US,2021-12-02 01:15:53
613,Lebu,-37.6167,-73.65,54.68,90,100,13.06,CL,2021-12-02 01:16:12
614,Punta Arenas,-53.15,-70.9167,48.31,53,0,16.11,CL,2021-12-02 01:20:24
615,Sidi Ali,36.0998,0.4206,53.76,77,6,22.35,DZ,2021-12-02 01:20:25
616,Wenling,28.3669,121.36,47.91,51,0,6.46,CN,2021-12-02 01:20:26
617,Vrangel,42.7297,133.0839,28.11,57,5,16.22,RU,2021-12-02 01:20:27
618,Cabo San Lucas,22.8909,-109.9124,79.11,57,20,6.91,MX,2021-12-02 01:19:38
619,Hilo,19.7297,-155.09,78.53,80,40,3.44,US,2021-12-02 01:20:28
620,Caravelas,-17.7125,-39.2481,76.19,92,95,11.01,BR,2021-12-02 01:20:29
621,Bilibino,68.0546,166.4372,-31.77,100,81,2.73,RU,2021-12-02 01:20:30
622,Tiksi,71.6872,128.8694,-28.44,100,81,4.32,RU,2021-12-02 01:20:30
623,Jian,27.1172,114.9793,46.33,45,0,1.72,CN,2021-12-02 01:20:31
624,Butaritari,3.0707,172.7902,82.26,76,97,12.57,KI,2021-12-02 01:20:32
625,Mahebourg,-20.4081,57.7,77.29,83,40,4.61,MU,2021-12-02 01:20:33
626,Hobart,-42.8794,147.3294,88.02,56,75,3.0,AU,2021-12-02 01:20:06
627,Mabaruma,8.2,-59.7833,75.42,92,88,3.58,GY,2021-12-02 01:20:34
628,Rundu,-17.9333,19.7667,70.43,64,99,4.97,NA,2021-12-02 01:20:35
629,Atuona,-9.8,-139.0333,78.21,78,68,20.24,PF,2021-12-02 01:20:35
630,Bo Phloi,14.3236,99.5161,67.41,65,96,12.82,TH,2021-12-02 01:20:36
631,Saint-Philippe,-21.3585,55.7679,72.99,85,51,10.0,RE,2021-12-02 01:20:37
632,Narsaq,60.9167,-46.05,32.18,99,100,20.69,GL,2021-12-02 01:20:38
633,Opunake,-39.4556,173.8583,70.34,91,100,1.25,NZ,2021-12-02 01:20:38
634,Hami,42.8,93.45,24.55,63,0,4.43,CN,2021-12-02 01:20:39
635,Blagoyevo,63.3667,47.9167,19.33,97,99,4.03,RU,2021-12-02 01:20:40
636,Bollnas,61.3482,16.3946,19.24,78,77,3.87,SE,2021-12-02 01:20:40
637,Kodiak,57.79,-152.4072,17.11,73,90,32.21,US,2021-12-02 01:20:41
638,Lagoa,39.05,-27.9833,62.51,85,1,9.91,PT,2021-12-02 01:20:42
639,Longyearbyen,78.2186,15.6401,6.55,74,99,4.07,SJ,2021-12-02 01:20:43
640,Leningradskiy,69.3833,178.4167,-16.74,91,100,5.77,RU,2021-12-02 01:20:43
641,Baykit,61.67,96.37,2.97,98,100,1.97,RU,2021-12-02 01:20:45
642,Mataura,-46.1927,168.8643,70.48,34,100,2.04,NZ,2021-12-02 01:20:45
643,Pangnirtung,66.1451,-65.7125,1.89,98,100,7.14,CA,2021-12-02 01:20:46
644,Darhan,49.4867,105.9228,12.51,91,100,3.8,MN,2021-12-02 01:20:47
645,Loandjili,-4.7561,11.8578,77.07,91,100,2.06,CG,2021-12-02 01:20:48
646,Esperance,-33.8667,121.9,65.41,60,9,11.23,AU,2021-12-02 01:20:48
647,Sept-Iles,50.2001,-66.3821,25.23,94,75,3.44,CA,2021-12-02 01:20:49
648,Talnakh,69.4865,88.3972,-23.48,98,25,4.54,RU,2021-12-02 01:20:50
649,Bredasdorp,-34.5322,20.0403,59.02,72,48,8.66,ZA,2021-12-02 01:20:51
650,Severo-Kurilsk,50.6789,156.125,38.91,79,97,24.92,RU,2021-12-02 01:20:52
651,Verkhnyaya Inta,65.9811,60.3094,10.38,81,100,13.11,RU,2021-12-02 01:20:52
652,Cedar City,37.6775,-113.0619,47.37,37,1,3.44,US,2021-12-02 01:20:53
653,Artyom,40.4723,50.333,44.74,76,95,23.29,AZ,2021-12-02 01:20:55
654,Hurghada,27.2574,33.8129,64.44,59,0,17.27,EG,2021-12-02 01:20:56
655,Georgetown,5.4112,100.3354,78.89,86,40,0.0,MY,2021-12-02 01:19:18
656,Muromtsevo,56.3724,75.2418,25.02,78,100,10.47,RU,2021-12-02 01:20:57
657,Homburg,49.3167,7.3333,42.84,79,75,9.22,DE,2021-12-02 01:20:58
658,Port Alfred,-33.5906,26.891,67.33,92,93,0.96,ZA,2021-12-02 01:18:08
659,Itoman,26.1247,127.6694,66.58,63,75,18.41,JP,2021-12-02 01:20:59
660,Timra,62.487,17.3257,17.67,77,90,11.5,SE,2021-12-02 01:21:00
661,Te Anau,-45.4167,167.7167,71.49,49,100,1.36,NZ,2021-12-02 01:21:01
662,Nome,64.5011,-165.4064,-7.53,60,1,0.0,US,2021-12-02 01:21:02
663,Ust-Ishim,57.6935,71.1665,31.68,76,100,11.43,RU,2021-12-02 01:21:03
664,Hoyanger,61.2204,6.0749,29.59,87,19,6.89,NO,2021-12-02 01:21:03
665,Chuy,-33.6971,-53.4616,58.55,75,8,7.16,UY,2021-12-02 01:21:04
666,Thompson,55.7435,-97.8558,-0.24,71,90,8.05,CA,2021-12-02 01:21:05
667,Norman Wells,65.282,-126.8329,-21.96,69,90,5.75,CA,2021-12-02 01:21:06
668,Busselton,-33.65,115.3333,69.04,49,31,10.8,AU,2021-12-02 01:17:14
669,Hofn,64.2539,-15.2082,26.94,75,100,5.32,IS,2021-12-02 01:21:07
670,Seaforth,17.9358,-76.4573,79.65,88,100,7.2,JM,2021-12-02 01:21:08
671,Fort Nelson,58.8053,-122.7002,-9.81,77,75,2.3,CA,2021-12-02 01:21:09
672,Iquitos,-3.7481,-73.2472,75.24,94,75,1.14,PE,2021-12-02 01:21:09
673,Bhiwani,28.7833,76.1333,61.86,33,100,0.6,IN,2021-12-02 01:21:10
674,Deniliquin,-35.5333,144.9667,93.0,30,6,8.79,AU,2021-12-02 01:21:11
675,Port Elizabeth,-33.918,25.5701,66.09,82,0,20.71,ZA,2021-12-02 01:21:12
676,East London,-33.0153,27.9116,68.95,93,100,4.85,ZA,2021-12-02 01:21:13
677,Oksovskiy,62.6062,39.8984,16.59,96,99,4.25,RU,2021-12-02 01:21:13
678,Calvinia,-31.4707,19.776,54.0,70,100,5.14,ZA,2021-12-02 01:21:14
679,Fairfield,41.2668,-73.3162,42.69,74,75,0.0,US,2021-12-02 01:21:15
680,Viking,53.1001,-111.7684,35.46,77,100,11.43,CA,2021-12-02 01:21:16
681,Yulara,-25.2406,130.9889,100.24,11,0,13.8,AU,2021-12-02 01:21:17
682,Inhambane,-23.865,35.3833,72.7,86,62,10.85,MZ,2021-12-02 01:21:18
683,Lata,40.1629,-8.3327,51.93,90,100,7.72,PT,2021-12-02 01:17:30
684,Victor Harbor,-35.5667,138.6167,84.2,69,57,1.99,AU,2021-12-02 01:21:19
685,Tuatapere,-46.1333,167.6833,70.83,53,100,6.33,NZ,2021-12-02 01:21:19
686,Yambio,4.5721,28.3955,69.62,88,65,1.88,SS,2021-12-02 01:21:20
687,Belmonte,-15.8631,-38.8828,77.5,89,100,10.11,BR,2021-12-02 01:21:21
688,Constanza,47.6603,9.1758,44.08,87,100,5.01,DE,2021-12-02 01:21:22
689,Faanui,-16.4833,-151.75,76.78,83,100,12.77,PF,2021-12-02 01:17:27
690,Barrow,71.2906,-156.7887,-11.18,70,90,10.36,US,2021-12-02 01:18:10
691,Gavle,60.6745,17.1417,22.64,61,100,3.02,SE,2021-12-02 01:21:24
692,Rikitea,-23.1203,-134.9692,76.46,74,0,17.09,PF,2021-12-02 01:21:24
693,Aliwal North,-30.6937,26.7114,69.15,17,100,5.28,ZA,2021-12-02 01:21:25
694,Bathsheba,13.2167,-59.5167,81.21,78,40,20.71,BB,2021-12-02 01:21:26
695,Mogadishu,2.0371,45.3438,80.91,72,94,13.04,SO,2021-12-02 01:17:53
696,Aykhal,66.0,111.5,-20.88,100,94,4.43,RU,2021-12-02 01:21:27
697,Necochea,-38.5473,-58.7368,62.04,65,0,14.7,AR,2021-12-02 01:21:28
698,Vao,-22.6667,167.4833,76.69,78,58,17.69,NC,2021-12-02 01:21:28
699,Amapa,1.0,-52.0,73.36,99,100,2.51,BR,2021-12-02 01:21:29
700,Tabou,4.423,-7.3528,79.54,81,9,4.99,CI,2021-12-02 01:21:30
701,Nazarovo,56.0064,90.3914,21.29,86,100,6.24,RU,2021-12-02 01:21:31
702,Gizo,-8.103,156.8419,85.95,66,100,3.13,SB,2021-12-02 01:21:32
703,Evensk,61.95,159.2333,4.84,69,100,25.12,RU,2021-12-02 01:21:32
704,Bengkulu,-3.8004,102.2655,77.43,79,88,3.89,ID,2021-12-02 01:21:33
705,La Asuncion,11.0333,-63.8628,89.33,70,100,11.5,VE,2021-12-02 01:21:34
706,Vila,42.0304,-8.1588,41.32,92,100,7.29,PT,2021-12-02 01:21:35
707,Salinopolis,-0.6136,-47.3561,81.19,79,57,11.74,BR,2021-12-02 01:21:35
708,Ambilobe,-13.2,49.05,73.15,76,35,2.64,MG,2021-12-02 01:21:36
709,Lorengau,-2.0226,147.2712,86.25,67,68,3.33,PG,2021-12-02 01:21:37
710,Kahului,20.8947,-156.47,83.46,77,40,20.71,US,2021-12-02 01:18:39
711,Madang,-5.2246,145.7966,88.41,60,77,2.33,PG,2021-12-02 01:21:38
712,Quatre Cocos,-20.2078,57.7625,77.11,76,28,12.88,MU,2021-12-02 01:21:39
713,Pacific Grove,36.6177,-121.9166,70.61,48,1,1.01,US,2021-12-02 01:21:40
714,Bantry,51.6833,-9.45,38.68,70,86,13.49,IE,2021-12-02 01:21:41
715,Hermanus,-34.4187,19.2345,58.89,71,98,9.98,ZA,2021-12-02 01:20:59
716,Ulladulla,-35.35,150.4667,81.88,63,10,9.35,AU,2021-12-02 01:21:42
717,Arlit,18.7369,7.3853,66.31,21,0,3.47,NE,2021-12-02 01:21:43
718,Bambous Virieux,-20.3428,57.7575,77.25,83,40,4.61,MU,2021-12-02 01:21:44
719,Kavieng,-2.5744,150.7967,85.41,65,68,7.61,PG,2021-12-02 01:21:45
720,Kumano,34.3442,132.5894,43.9,56,4,3.06,JP,2021-12-02 01:21:46
721,Kamyaran,34.7956,46.9355,51.75,84,76,6.42,IR,2021-12-02 01:21:46
722,Saskylakh,71.9167,114.0833,-33.81,100,99,1.05,RU,2021-12-02 01:18:25
723,Kaitangata,-46.2817,169.8464,64.92,79,100,9.35,NZ,2021-12-02 01:18:41
724,Bambanglipuro,-7.95,110.2833,81.14,79,100,5.23,ID,2021-12-02 01:21:48
725,Bethel,41.3712,-73.414,39.92,75,75,0.0,US,2021-12-02 01:21:49
726,Airai,-8.9266,125.4092,75.11,52,95,2.26,TL,2021-12-02 01:21:49
727,Strelka,58.0728,93.0344,24.35,95,100,8.46,RU,2021-12-02 01:21:50
728,Wajid,3.8093,43.2471,73.09,78,16,12.44,SO,2021-12-02 01:21:51
729,Byron Bay,-28.65,153.6167,80.87,74,74,15.01,AU,2021-12-02 01:19:03
730,Jardim,-21.4803,-56.1381,81.03,57,100,1.05,BR,2021-12-02 01:21:52
731,Codrington,-38.2667,141.9667,66.58,72,100,11.25,AU,2021-12-02 01:21:53
732,Auki,-8.7676,160.7034,83.73,74,100,3.65,SB,2021-12-02 01:21:54
733,Wainwright,52.839,-110.8572,35.51,75,100,11.52,CA,2021-12-02 01:21:54
734,Sitka,57.0531,-135.33,35.49,69,75,5.75,US,2021-12-02 01:19:41
735,New Norfolk,-42.7826,147.0587,87.66,25,84,6.62,AU,2021-12-02 01:17:23
736,Diglur,18.55,77.6,65.55,66,6,2.93,IN,2021-12-02 01:21:56
737,Karratha,-20.7377,116.8463,94.17,23,3,12.26,AU,2021-12-02 01:21:57
738,Sao Joao Da Barra,-21.6403,-41.0511,72.43,95,2,8.01,BR,2021-12-02 01:20:33
739,Turbat,26.0023,63.044,68.56,37,0,4.5,PK,2021-12-02 01:21:58
740,Ponta Do Sol,32.6667,-17.1,65.71,71,19,5.86,PT,2021-12-02 01:21:59
741,Richards Bay,-28.783,32.0377,73.31,84,4,14.74,ZA,2021-12-02 01:21:59
742,Margate,51.3813,1.3862,38.7,75,50,4.0,GB,2021-12-02 01:18:47
743,Elat,29.5581,34.9482,62.44,59,0,0.0,IL,2021-12-02 01:22:01
744,Korla,41.7597,86.1469,21.63,73,1,2.42,CN,2021-12-02 01:22:02
745,Bartica,6.4,-58.6167,77.32,99,100,2.37,GY,2021-12-02 01:22:03
746,Alta Floresta,-9.8756,-56.0861,71.49,98,100,2.51,BR,2021-12-02 01:22:03
747,Castro,-24.7911,-50.0119,62.13,93,1,7.0,BR,2021-12-02 01:18:35
748,Lakes Entrance,-37.8811,147.981,92.16,47,0,8.72,AU,2021-12-02 01:22:05
749,Beisfjord,68.3751,17.5988,31.24,83,100,15.3,NO,2021-12-02 01:22:06
750,Nikolskoye,59.7035,30.7861,21.09,98,98,3.58,RU,2021-12-02 01:22:07
751,Henties Bay,-22.116,14.2845,57.85,93,4,5.93,NA,2021-12-02 01:22:09
752,Hobyo,5.3505,48.5268,78.69,67,100,14.85,SO,2021-12-02 01:22:09
753,Goderich,43.7501,-81.7165,38.91,75,100,11.5,CA,2021-12-02 01:22:10
754,Isiro,2.7739,27.616,65.57,99,97,1.36,CD,2021-12-02 01:22:11
755,Merrill,45.1805,-89.6835,42.57,93,40,8.05,US,2021-12-02 01:20:12
756,Taldan,53.6667,124.8,3.2,84,100,3.89,RU,2021-12-02 01:22:12
757,Agde,43.3108,3.4758,48.45,87,90,5.01,FR,2021-12-02 01:22:12
758,Karla,59.3723,24.9275,13.96,85,20,3.44,EE,2021-12-02 01:22:13
759,Samarai,-10.6167,150.6667,86.05,73,100,12.26,PG,2021-12-02 01:22:14
760,Chokurdakh,70.6333,147.9167,-33.11,100,98,7.23,RU,2021-12-02 01:22:14
761,Babstovo,48.1167,132.4833,7.77,80,100,5.86,RU,2021-12-02 01:22:15
762,Okha,53.5739,142.9478,23.5,89,100,52.37,RU,2021-12-02 01:22:16
763,Kholodnyy,62.7167,147.95,-25.67,94,100,6.38,RU,2021-12-02 01:22:17
764,Ishinomaki,38.4167,141.3,44.6,69,20,23.26,JP,2021-12-02 01:22:18
765,Ribeira Grande,38.5167,-28.7,64.26,81,9,7.07,PT,2021-12-02 01:22:18
766,Talcahuano,-36.7167,-73.1167,56.88,82,0,11.5,CL,2021-12-02 01:22:19
767,Nanortalik,60.1432,-45.2371,33.69,93,100,24.14,GL,2021-12-02 01:22:20
768,Antofagasta,-23.65,-70.4,61.88,80,60,5.06,CL,2021-12-02 01:22:21
769,Dumfries,38.5676,-77.328,53.56,63,1,5.75,US,2021-12-02 01:22:21
770,Touros,-5.1989,-35.4608,81.5,74,37,10.96,BR,2021-12-02 01:22:22
771,Petropavlovsk-Kamchatskiy,53.0452,158.6483,43.39,100,90,31.32,RU,2021-12-02 01:22:23
772,Poya,-21.35,165.15,85.87,64,49,4.43,NC,2021-12-02 01:22:23
773,Karasburg,-28.0167,18.75,57.09,45,62,10.4,NA,2021-12-02 01:21:21
774,Cidreira,-30.1811,-50.2056,65.48,70,87,7.78,BR,2021-12-02 01:22:24
775,Taos,36.4072,-105.5731,52.2,29,1,8.99,US,2021-12-02 01:22:25
776,Danville,36.586,-79.395,54.61,54,40,0.0,US,2021-12-02 01:22:12
777,Hasaki,35.7333,140.8333,52.29,36,0,19.91,JP,2021-12-02 01:20:56
778,Salinas,36.6777,-121.6555,71.01,45,1,0.0,US,2021-12-02 01:18:48
779,Pozo Colorado,-23.4923,-58.7972,75.2,38,1,6.13,PY,2021-12-02 01:22:27
780,Saint Anthony,45.0205,-93.218,51.73,72,1,1.99,US,2021-12-02 01:22:28
781,Isangel,-19.55,169.2667,86.11,66,40,12.66,VU,2021-12-02 01:22:29
782,Eureka,40.8021,-124.1637,56.35,82,0,1.01,US,2021-12-02 01:22:30
783,Bacolod,10.6667,122.95,80.49,85,100,12.5,PH,2021-12-02 01:22:31
784,Ostrovnoy,68.0531,39.5131,25.86,87,100,32.19,RU,2021-12-02 01:22:32
785,Clyde River,70.4692,-68.5914,7.03,85,100,23.02,CA,2021-12-02 01:22:32
786,Urengoy,65.9667,78.3667,-1.77,96,100,12.21,RU,2021-12-02 01:22:33
787,Neryungri,56.6709,124.6491,1.04,94,100,9.19,RU,2021-12-02 01:22:34
788,Moose Factory,51.2585,-80.6094,15.8,86,90,6.91,CA,2021-12-02 01:22:35
789,Chopovychi,50.8332,28.9533,31.46,97,100,14.67,UA,2021-12-02 01:22:35
790,Kaeo,-35.1,173.7833,71.33,83,99,8.46,NZ,2021-12-02 01:22:36
791,Shirokiy,49.758,129.523,0.45,91,100,5.08,RU,2021-12-02 01:22:37
792,Bundaberg,-24.85,152.35,82.69,65,40,8.05,AU,2021-12-02 01:22:37
793,Mount Gambier,-37.8333,140.7667,60.71,82,90,10.36,AU,2021-12-02 01:22:38
794,Saint-Denis,48.9167,2.3333,43.23,92,75,1.99,FR,2021-12-02 01:22:39
795,Binga,-17.6203,27.3414,77.13,41,1,3.56,ZW,2021-12-02 01:22:39
796,Voh,-20.9667,164.7,87.19,62,59,5.39,NC,2021-12-02 01:22:40
797,Wewak,-3.5534,143.6268,85.75,68,90,1.5,PG,2021-12-02 01:22:41
798,Analipsis,35.3167,25.5667,56.1,69,0,3.71,GR,2021-12-02 01:22:42
799,Vaitape,-16.5167,-151.75,78.89,78,100,17.52,PF,2021-12-02 01:22:42
800,Raudeberg,61.9875,5.1352,31.87,56,48,26.49,NO,2021-12-02 01:22:43
801,Fukue,32.6881,128.8419,46.76,71,75,4.61,JP,2021-12-02 01:22:44
802,Williams Lake,52.1415,-122.1445,33.37,95,20,4.61,CA,2021-12-02 01:22:44
803,Saint George,37.1041,-113.5841,59.47,29,1,1.01,US,2021-12-02 01:19:06
804,Tallahassee,30.4383,-84.2807,59.63,74,20,3.44,US,2021-12-02 01:18:25
805,Rio Gallegos,-51.6226,-69.2181,53.65,32,40,21.85,AR,2021-12-02 01:21:37
806,Ledyard,41.4398,-72.0142,41.67,74,20,0.0,US,2021-12-02 01:22:47
807,Kiunga,-6.1219,141.2906,83.98,72,77,3.98,PG,2021-12-02 01:22:47
808,Kulhudhuffushi,6.6221,73.07,81.54,76,15,7.56,MV,2021-12-02 01:22:48
809,Xuzhou,34.1805,117.1571,40.32,33,0,9.62,CN,2021-12-02 01:22:49
810,Jiaocheng,24.6774,116.1389,51.03,39,0,3.8,CN,2021-12-02 01:22:50
811,Seoul,37.5683,126.9778,35.04,51,0,9.22,KR,2021-12-02 01:22:50
812,Bose,45.4612,8.0137,40.21,91,100,0.4,IT,2021-12-02 01:22:51
813,Provideniya,64.3833,-173.3,-1.64,55,40,6.71,RU,2021-12-02 01:22:52
814,Teguise,29.0605,-13.564,61.02,72,20,10.36,ES,2021-12-02 01:21:40
815,Svobodnyy,51.4,128.1333,1.94,77,100,5.28,RU,2021-12-02 01:22:53
816,Oltu,40.5498,42.0013,25.29,97,100,1.77,TR,2021-12-02 01:22:54
817,Mayya,61.7333,130.2811,-32.69,100,28,2.37,RU,2021-12-02 01:22:54
818,Owando,-0.4819,15.8999,72.01,95,100,1.74,CG,2021-12-02 01:22:55
819,Petrokamenskoye,57.716,60.6484,36.46,89,100,9.89,RU,2021-12-02 01:22:56
820,Kampene,-3.6,26.6667,67.46,99,99,0.81,CD,2021-12-02 01:22:56
821,Port Macquarie,-31.4333,152.9167,75.88,72,30,11.52,AU,2021-12-02 01:22:57
822,Ola,59.5833,151.2833,10.29,79,100,28.57,RU,2021-12-02 01:22:58
823,Rafai,4.95,23.9167,70.5,86,100,0.72,CF,2021-12-02 01:22:59
824,Camacha,33.0833,-16.3333,60.53,82,40,9.22,PT,2021-12-02 01:22:59
825,Comodoro Rivadavia,-45.8667,-67.5,58.86,26,0,33.38,AR,2021-12-02 01:23:00
826,Baruun-Urt,46.6806,113.2792,21.4,62,28,18.03,MN,2021-12-02 01:23:01
827,Healesville,-37.65,145.5167,92.86,45,86,6.08,AU,2021-12-02 01:23:02
828,Bintulu,3.1667,113.0333,81.01,89,20,4.61,MY,2021-12-02 01:23:03
829,Port Lavaca,28.615,-96.6261,68.22,91,1,4.61,US,2021-12-02 01:23:03
830,Millinocket,45.6573,-68.7098,27.91,63,1,0.0,US,2021-12-02 01:23:04
831,Bayan,46.0833,127.4,21.31,85,100,18.86,CN,2021-12-02 01:23:05
832,Kropotkin,45.4375,40.5756,39.7,82,94,11.16,RU,2021-12-02 01:23:05
833,Hithadhoo,-0.6,73.0833,81.57,76,91,6.62,MV,2021-12-02 01:21:16
834,Madimba,-10.4,40.3333,77.86,79,10,7.07,TZ,2021-12-02 01:23:07
835,Ayan,56.45,138.1667,4.68,76,100,18.75,RU,2021-12-02 01:23:08
836,Yerbogachen,61.2767,108.0108,-21.21,99,91,3.74,RU,2021-12-02 01:23:08
837,Beringovskiy,63.05,179.3167,-0.29,89,33,11.45,RU,2021-12-02 01:23:09
838,Tarko-Sale,64.9225,77.785,6.93,96,100,10.71,RU,2021-12-02 01:23:10
839,Tautira,-17.7333,-149.15,86.02,75,100,20.18,PF,2021-12-02 01:23:11
840,Along,28.1667,94.7667,54.93,70,96,1.43,IN,2021-12-02 01:23:11
841,Lannion,48.75,-3.4167,46.42,66,40,14.97,FR,2021-12-02 01:23:12
842,Alacranes,22.7675,-81.5675,68.49,82,0,5.68,CU,2021-12-02 01:23:13
843,Namibe,-15.1961,12.1522,70.59,79,99,6.26,AO,2021-12-02 01:23:14
844,Ilam,26.9167,87.9167,55.26,66,50,5.55,NP,2021-12-02 01:23:14
845,Ulaanbaatar,47.9077,106.8832,3.33,78,0,2.24,MN,2021-12-02 01:20:01
846,Miri,4.4148,114.0089,84.34,74,20,4.61,MY,2021-12-02 01:23:16
847,Zalantun,48.0,122.7167,24.96,74,100,12.24,CN,2021-12-02 01:23:16
848,Ahipara,-35.1667,173.1667,71.13,65,100,4.16,NZ,2021-12-02 01:23:17
849,Pundaguitan,6.3711,126.1689,82.44,75,100,5.64,PH,2021-12-02 01:23:18
850,Aklavik,68.2191,-135.0107,-21.17,99,100,8.55,CA,2021-12-02 01:23:18
851,Vygonichi,53.0985,34.0673,26.71,74,66,4.47,RU,2021-12-02 01:23:19
852,Anshun,26.25,105.9333,45.27,72,100,4.14,CN,2021-12-02 01:23:20
853,Carnarvon,-24.8667,113.6333,75.27,57,0,25.32,AU,2021-12-02 01:23:21
854,Ancud,-41.8697,-73.8203,49.53,72,100,5.64,CL,2021-12-02 01:23:22
855,Moree,-29.4667,149.85,86.02,48,40,6.91,AU,2021-12-02 01:23:22
856,Cartagena,10.3997,-75.5144,80.22,83,75,6.91,CO,2021-12-02 01:23:23
857,Hay River,60.8156,-115.7999,6.78,85,90,3.44,CA,2021-12-02 01:20:22
858,Joao Pinheiro,-17.7425,-46.1725,71.91,82,100,1.07,BR,2021-12-02 01:23:24
859,Mecca,21.4267,39.8261,72.07,70,0,1.79,SA,2021-12-02 01:23:24
860,Chapais,49.7834,-74.8492,8.38,90,100,5.88,CA,2021-12-02 01:23:25
861,Komsomolskiy,40.4272,71.7189,35.02,69,10,9.22,UZ,2021-12-02 01:23:26
862,Bahir Dar,11.5936,37.3908,58.78,47,0,3.56,ET,2021-12-02 01:23:27
863,Kastamonu,41.5,33.6667,31.93,92,100,3.04,TR,2021-12-02 01:23:27
864,Faya,18.3851,42.4509,46.51,58,4,2.75,SA,2021-12-02 01:23:28
865,Seddon,-37.8068,144.8916,93.61,37,0,14.97,AU,2021-12-02 01:23:29
866,Beyneu,45.3167,55.2,41.34,89,100,15.77,KZ,2021-12-02 01:23:30
867,Maniitsoq,65.4167,-52.9,34.18,73,100,9.86,GL,2021-12-02 01:23:30
868,Vilhena,-12.7406,-60.1458,69.53,98,93,3.24,BR,2021-12-02 01:23:32
869,Mizan Teferi,6.9833,35.5833,63.01,71,99,2.8,ET,2021-12-02 01:23:33
870,Nishihara,26.1842,127.7558,65.86,63,75,18.41,JP,2021-12-02 01:23:33
871,Guanica,17.9716,-66.908,79.18,85,100,1.01,PR,2021-12-02 01:23:34
872,Zhigansk,66.7697,123.3711,-41.78,99,70,6.4,RU,2021-12-02 01:23:35
873,Umm Kaddadah,13.6017,26.6876,72.32,24,0,16.71,SD,2021-12-02 01:23:36
874,Sorland,67.667,12.6934,35.26,57,100,34.14,NO,2021-12-02 01:22:13
875,Coolum Beach,-26.5333,153.1,80.11,89,57,11.3,AU,2021-12-02 01:23:37
876,Mbini,1.574,9.6134,78.64,87,100,7.16,GQ,2021-12-02 01:23:38
877,Vestmanna,62.1564,-7.1664,31.12,74,75,16.11,FO,2021-12-02 01:23:38
878,Cherskiy,68.75,161.3,-32.22,100,68,5.06,RU,2021-12-02 01:23:39
879,Mariental,-24.6333,17.9667,66.97,28,94,8.93,NA,2021-12-02 01:23:40
880,Bozoum,6.3193,16.3799,71.6,37,97,2.42,CF,2021-12-02 01:23:41
881,Walvis Bay,-22.9575,14.5053,58.15,88,0,5.75,NA,2021-12-02 01:23:42
882,Vanimo,-2.6741,141.3028,84.4,72,100,3.62,PG,2021-12-02 01:23:43
883,Tigzirt,36.8886,4.1198,53.49,66,1,8.72,DZ,2021-12-02 01:23:43
884,Belaya Kalitva,48.17,40.78,33.67,90,82,12.77,RU,2021-12-02 01:19:56
885,Ouadda,8.0777,22.4007,71.22,34,68,3.85,CF,2021-12-02 01:23:45
886,Mackay,-21.15,149.2,91.69,70,0,10.36,AU,2021-12-02 01:23:46
887,Zhezkazgan,47.8043,67.7144,31.5,69,99,13.65,KZ,2021-12-02 01:23:46
888,Santiago Del Estero,-27.7951,-64.2615,79.61,35,9,12.71,AR,2021-12-02 01:23:47
889,Newport,51.5877,-2.9984,38.25,79,6,8.55,GB,2021-12-02 01:23:47
890,Ketchikan,55.3422,-131.6461,36.07,75,75,9.22,US,2021-12-02 01:23:48
891,Marrakesh,31.6315,-8.0083,50.07,76,20,3.44,MA,2021-12-02 01:21:50
892,Koungheul,13.9833,-14.8,81.23,17,100,7.36,SN,2021-12-02 01:23:50
893,Solnechnyy,50.7214,136.6319,12.85,72,99,5.64,RU,2021-12-02 01:23:51
894,Bafoulabe,13.8065,-10.8321,79.74,15,88,3.42,ML,2021-12-02 01:23:51
895,Grimshaw,56.1834,-117.6027,33.03,85,1,8.05,CA,2021-12-02 01:23:52
896,Plouzane,48.3833,-4.6167,46.45,68,40,14.97,FR,2021-12-02 01:23:53
897,Russell,32.3502,-85.1999,53.31,76,1,0.0,US,2021-12-02 01:23:53
898,Oktyabrskoye,43.0645,44.7417,28.35,86,81,6.71,RU,2021-12-02 01:23:54
899,Kibaya,-5.3,36.5667,58.23,97,60,4.34,TZ,2021-12-02 01:23:55
900,Cairns,-16.9167,145.7667,98.06,60,95,11.5,AU,2021-12-02 01:23:56
901,Maningrida,-12.0667,134.2667,92.25,53,100,4.07,AU,2021-12-02 01:23:56
902,Armidale,-30.5167,151.65,70.81,63,69,5.75,AU,2021-12-02 01:23:58
903,Tungao,8.7772,125.5719,82.31,81,100,2.68,PH,2021-12-02 01:23:58
904,Pandan,14.0453,124.1694,79.5,82,97,22.15,PH,2021-12-02 01:23:59
905,Salalah,17.0151,54.0924,75.29,35,0,5.75,OM,2021-12-02 01:24:00
906,Lavumisa,-27.31,31.892,69.15,95,45,5.28,SZ,2021-12-02 01:24:00
907,Pemberton,50.3164,-122.8027,49.86,100,100,6.06,CA,2021-12-02 01:24:01
908,Bonthe,7.5264,-12.505,76.17,93,100,3.31,SL,2021-12-02 01:24:02
909,Mgandu,-5.95,34.1333,63.21,77,8,6.46,TZ,2021-12-02 01:24:02
910,Harper,4.375,-7.7169,79.2,82,5,4.88,LR,2021-12-02 01:24:03
911,Ercis,39.0287,43.3586,37.0,87,100,8.32,TR,2021-12-02 01:24:04
912,Matadi,-5.8167,13.45,75.33,95,100,0.34,CD,2021-12-02 01:24:05
913,Pembroke,45.8168,-77.1162,31.98,71,100,8.43,CA,2021-12-02 01:24:05
914,Redwater,33.3582,-94.2544,62.89,78,2,4.88,US,2021-12-02 01:24:06
915,Grindavik,63.8424,-22.4338,36.07,100,90,28.77,IS,2021-12-02 01:24:07
916,Kieta,-6.2167,155.6333,86.76,63,99,4.14,PG,2021-12-02 01:24:08
917,Krasnogorsk,55.8225,37.3181,22.37,86,75,15.66,RU,2021-12-02 01:24:08
918,Datong,40.0936,113.2914,24.4,49,0,6.46,CN,2021-12-02 01:24:09
919,Aulla,44.2146,9.9678,57.43,88,100,10.29,IT,2021-12-02 01:24:10
920,Champerico,14.3,-91.9167,81.03,71,9,4.05,GT,2021-12-02 01:24:11
921,Poum,-20.2333,164.0167,81.73,76,25,13.47,NC,2021-12-02 01:21:21
922,Port Lincoln,-34.7333,135.8667,63.79,59,92,12.53,AU,2021-12-02 01:24:12
923,Bucerias,20.75,-105.3333,78.78,83,1,4.61,MX,2021-12-02 01:22:16
924,Epe,6.5841,3.9834,77.74,89,67,4.43,NG,2021-12-02 01:24:14
925,Bonavista,48.6499,-53.1147,36.12,70,7,12.59,CA,2021-12-02 01:24:15
926,Garcia Hernandez,9.6144,124.2946,82.87,76,100,2.89,PH,2021-12-02 01:24:15
927,Sangar,63.9242,127.4739,-32.71,97,11,3.91,RU,2021-12-02 01:24:16
928,Upernavik,72.7868,-56.1549,27.0,96,100,4.85,GL,2021-12-02 01:24:17
929,Sinnamary,5.3833,-52.95,78.1,90,100,12.17,GF,2021-12-02 01:24:17
930,Sungaipenuh,-2.0833,101.3833,72.1,69,50,2.39,ID,2021-12-02 01:24:18
931,Jacareacanga,-6.2222,-57.7528,72.01,99,75,2.06,BR,2021-12-02 01:24:19
932,Mezen,65.8522,44.24,17.2,94,100,7.99,RU,2021-12-02 01:24:20
933,Dikson,73.5069,80.5464,-8.01,97,100,14.41,RU,2021-12-02 01:24:20
934,Djenne,13.9061,-4.5533,77.74,15,97,5.84,ML,2021-12-02 01:24:21
935,Zlitan,32.4674,14.5687,56.52,51,0,12.28,LY,2021-12-02 01:24:22
936,Axim,4.8699,-2.2405,78.3,87,50,7.0,GH,2021-12-02 01:24:23
937,Sliven,42.6858,26.3292,40.75,62,0,3.0,BG,2021-12-02 01:24:02
938,Damaturu,11.747,11.9608,69.48,35,44,9.13,NG,2021-12-02 01:24:24
939,Clive,41.603,-93.7241,55.42,50,20,7.0,US,2021-12-02 01:24:26
940,Ternate,0.8,127.4,82.35,78,100,8.7,ID,2021-12-02 01:24:27
941,Karema,-6.8205,30.4389,70.7,86,49,3.62,TZ,2021-12-02 01:24:28
942,Eberswalde,52.8349,13.8195,44.65,68,100,28.86,DE,2021-12-02 01:24:28
943,Boqueirao,-7.5,-36.1333,75.54,71,100,11.36,BR,2021-12-02 01:24:29
944,Sioux Lookout,50.1001,-91.917,34.18,100,90,9.22,CA,2021-12-02 01:24:30
945,Soyo,-6.1349,12.3689,78.04,90,100,5.95,AO,2021-12-02 01:24:31
946,Honiara,-9.4333,159.95,84.83,76,100,3.87,SB,2021-12-02 01:24:32
947,Bandarbeyla,9.4942,50.8122,74.7,65,0,13.65,SO,2021-12-02 01:24:32
948,Javanrud,34.7961,46.5172,45.95,76,97,6.51,IR,2021-12-02 01:24:33
949,Lasa,46.6166,10.7002,38.14,97,100,0.69,IT,2021-12-02 01:24:33
950,Dunedin,-45.8742,170.5036,60.08,82,100,16.08,NZ,2021-12-02 01:24:34
951,Koran,43.8103,18.5689,31.51,100,75,1.14,BA,2021-12-02 01:24:35
952,Victoria,22.2855,114.1577,63.25,47,7,1.01,HK,2021-12-02 01:23:27
953,Ordzhonikidze,52.4411,61.7408,31.5,87,20,13.69,KZ,2021-12-02 01:24:36
954,Havoysund,70.9963,24.6622,31.08,66,100,27.25,NO,2021-12-02 01:24:38
955,Kirakira,-10.4544,161.9205,84.25,75,37,4.32,SB,2021-12-02 01:24:38
956,Galle,6.0367,80.217,76.23,86,6,4.23,LK,2021-12-02 01:24:39
957,Grand Gaube,-20.0064,57.6608,77.4,78,1,1.99,MU,2021-12-02 01:24:40
958,Ranfurly,-45.1333,170.1,57.65,68,100,6.06,NZ,2021-12-02 01:24:41
959,Pires Do Rio,-17.2997,-48.2794,70.14,90,98,1.3,BR,2021-12-02 01:24:42
960,Naudero,27.6648,68.3622,57.22,24,0,4.38,PK,2021-12-02 01:24:42
961,Sisimiut,66.9395,-53.6735,32.76,80,100,6.8,GL,2021-12-02 01:24:43
962,Klaksvik,62.2266,-6.589,32.92,61,92,28.01,FO,2021-12-02 01:24:44
963,Pontianak,-0.0333,109.3333,80.58,74,20,3.44,ID,2021-12-02 01:24:44
964,Northam,51.0333,-4.2167,39.56,77,6,11.86,GB,2021-12-02 01:24:45
965,Iqaluit,63.7506,-68.5145,11.93,72,90,5.01,CA,2021-12-02 01:24:46
966,Kapuskasing,49.4169,-82.4331,21.2,86,90,10.36,CA,2021-12-02 01:24:46
967,Talas,38.6908,35.5538,32.67,75,75,6.91,TR,2021-12-02 01:24:47
968,Makakilo City,21.3469,-158.0858,82.72,59,1,12.66,US,2021-12-02 01:20:45
969,Palmer,42.1584,-72.3287,36.01,82,75,0.0,US,2021-12-02 01:24:01
970,Aswan,24.0934,32.907,61.9,55,0,16.11,EG,2021-12-02 01:24:49
971,Catuday,16.2923,119.8062,77.47,70,78,10.04,PH,2021-12-02 01:24:50
972,Homa Bay,-0.5273,34.4571,67.8,66,85,4.54,KE,2021-12-02 01:24:50
973,Hammerfest,70.6634,23.6821,30.65,86,75,17.27,NO,2021-12-02 01:24:51
974,Tuy Hoa,13.0833,109.3,72.37,89,100,13.22,VN,2021-12-02 01:24:52
975,Januaria,-15.4833,-44.3667,70.75,83,94,2.57,BR,2021-12-02 01:24:53
976,Namatanai,-3.6667,152.4333,86.22,64,100,3.94,PG,2021-12-02 01:23:11
977,Dongsheng,39.8161,109.9776,20.91,51,0,17.22,CN,2021-12-02 01:24:54
978,Zhanaozen,43.3,52.8,40.91,82,100,17.6,KZ,2021-12-02 01:24:55
979,Voyvozh,62.892,54.9635,22.95,97,100,3.89,RU,2021-12-02 01:24:55
980,Shingu,33.7333,135.9833,50.99,48,0,3.36,JP,2021-12-02 01:24:56
981,Meulaboh,4.1363,96.1285,76.51,87,80,5.03,ID,2021-12-02 01:24:57
982,Vila Velha,-20.3297,-40.2925,76.95,93,90,0.0,BR,2021-12-02 01:25:00
983,Kununurra,-15.7667,128.7333,100.38,32,100,10.36,AU,2021-12-02 01:25:01
984,Araouane,18.9048,-3.5265,71.73,17,86,10.74,ML,2021-12-02 01:25:01
985,Utete,-7.986,38.758,71.38,97,10,1.83,TZ,2021-12-02 01:25:02
986,Bosaso,11.2842,49.1816,71.91,59,0,2.57,SO,2021-12-02 01:25:03
987,Arraial Do Cabo,-22.9661,-42.0278,73.45,91,14,5.75,BR,2021-12-02 01:23:54
988,Matagami,49.7502,-77.6328,15.91,86,90,8.05,CA,2021-12-02 01:25:04
989,College,64.8569,-147.8028,-2.54,78,75,0.0,US,2021-12-02 01:25:05
990,Uxbridge,42.0773,-71.6295,37.65,77,100,1.01,US,2021-12-02 01:25:05
991,Naze,28.3667,129.4833,59.92,62,100,13.11,JP,2021-12-02 01:25:06
992,Alice Springs,-23.7,133.8833,94.55,14,5,12.66,AU,2021-12-02 01:25:07
993,Marawi,7.9986,124.2928,74.64,74,100,2.62,PH,2021-12-02 01:24:06
994,Plymouth,41.8334,-70.8328,40.73,82,1,0.0,US,2021-12-02 01:25:08
995,Innisfail,-17.5333,146.0333,88.2,60,9,9.19,AU,2021-12-02 01:25:09
996,Ilulissat,69.2167,-51.1,29.25,67,100,7.81,GL,2021-12-02 01:25:09
997,Amahai,-3.3333,128.9167,80.38,81,100,2.93,ID,2021-12-02 01:25:10
998,Moron,-34.6534,-58.6198,67.98,75,0,5.01,AR,2021-12-02 01:25:11
999,Saint-Augustin,51.226,-58.6502,14.7,92,100,2.53,CA,2021-12-02 01:25:11
1000,Sur,22.5667,59.5289,72.0,52,0,1.81,OM,2021-12-02 01:25:12
1001,Yerofey Pavlovich,53.9667,121.9667,2.59,90,100,3.4,RU,2021-12-02 01:25:13
1002,Laguna,38.421,-121.4238,66.65,76,1,4.61,US,2021-12-02 01:25:14
1003,Kousseri,12.0769,15.0306,76.96,23,20,10.36,CM,2021-12-02 01:25:14
1004,Aksarka,66.5606,67.7975,-0.42,96,100,11.74,RU,2021-12-02 01:25:15
1005,Ende,-8.8432,121.6623,85.14,69,97,1.83,ID,2021-12-02 01:25:16
1006,Malumfashi,11.7853,7.6218,68.68,22,24,9.66,NG,2021-12-02 01:25:16
1007,Yar-Sale,66.8333,70.8333,0.91,96,100,13.85,RU,2021-12-02 01:25:17
1008,Boyolangu,-8.1181,111.8935,79.32,84,100,2.28,ID,2021-12-02 01:25:18
1009,Galveston,29.3669,-94.9669,69.19,90,1,3.44,US,2021-12-02 01:25:18
1010,Mattru,7.6244,-11.8332,75.0,94,97,2.68,SL,2021-12-02 01:25:19
1011,Katsuura,35.1333,140.3,51.91,40,0,11.56,JP,2021-12-02 01:25:20
1012,Kenai,60.5544,-151.2583,19.15,91,90,0.0,US,2021-12-02 01:25:20
1013,Saldanha,-33.0117,17.9442,57.25,76,0,20.04,ZA,2021-12-02 01:25:21
1014,Urumqi,43.801,87.6005,7.75,85,1,4.47,CN,2021-12-02 01:24:00
1015,Acarau,-2.8856,-40.12,80.37,78,80,13.11,BR,2021-12-02 01:25:22
1016,Kuusamo,65.9667,29.1833,17.64,86,90,4.61,FI,2021-12-02 01:25:23
1017,Port Hedland,-20.3167,118.5667,100.45,16,29,8.05,AU,2021-12-02 01:24:39
1018,Jeremoabo,-10.075,-38.4808,75.63,75,34,8.34,BR,2021-12-02 01:25:24
1019,Ko Samui,9.5357,99.9357,82.31,78,75,5.75,TH,2021-12-02 01:25:25
1020,Penarroya-Pueblonuevo,38.3,-5.2667,45.45,87,100,12.59,ES,2021-12-02 01:25:26
1021,Hamilton,39.1834,-84.5333,53.04,87,20,1.01,US,2021-12-02 01:21:08
1022,Souillac,-20.5167,57.5167,77.38,83,40,4.61,MU,2021-12-02 01:25:27
1023,Coffs Harbour,-30.3,153.1333,82.67,77,75,18.41,AU,2021-12-02 01:23:22
1024,Holme,56.1138,10.1725,31.86,90,100,24.09,DK,2021-12-02 01:25:28
1025,Gualaceo,-2.9,-78.7833,60.46,95,100,3.31,EC,2021-12-02 01:25:29
1026,Kajaani,64.2273,27.7285,8.65,92,90,4.61,FI,2021-12-02 01:25:30
1027,Muros,42.7762,-9.0603,52.23,93,100,21.14,ES,2021-12-02 01:25:31
1028,Caohai,26.8661,104.2841,38.77,92,100,3.36,CN,2021-12-02 01:25:32
1029,Bosanska Gradiska,45.1411,17.25,52.05,80,100,4.25,BA,2021-12-02 01:25:32
1030,Rio Grande,-32.035,-52.0986,63.95,66,78,10.04,BR,2021-12-02 01:25:33
1031,Kamenka,51.3223,42.7678,31.75,89,100,11.41,RU,2021-12-02 01:25:34
1032,Moranbah,-22.0016,148.0466,87.1,44,0,7.76,AU,2021-12-02 01:25:34
1033,Plettenberg Bay,-34.0527,23.3716,61.47,90,100,7.67,ZA,2021-12-02 01:25:35
1034,Kodinsk,58.6881,99.1844,11.14,95,100,4.34,RU,2021-12-02 01:25:36
1035,Wexford,52.3342,-6.4575,38.57,85,56,13.18,IE,2021-12-02 01:25:37
1036,Mount Isa,-20.7333,139.5,98.37,19,0,16.11,AU,2021-12-02 01:25:37
1037,Shelabolikha,53.4131,82.6167,18.86,87,5,5.82,RU,2021-12-02 01:25:38
1038,Yamada,39.4667,141.95,38.73,62,14,21.94,JP,2021-12-02 01:25:38
1039,Gigmoto,13.7796,124.39,79.63,83,100,20.22,PH,2021-12-02 01:25:39
1040,Moa,20.6569,-74.9403,77.92,81,44,10.2,CU,2021-12-02 01:25:40
1041,San Jeronimo,-11.9472,-75.2829,54.82,75,100,3.22,PE,2021-12-02 01:25:41
1042,Anadyr,64.75,177.4833,1.9,84,90,2.24,RU,2021-12-02 01:25:41
1043,Horn Lake,34.9554,-90.0348,60.78,81,1,5.01,US,2021-12-02 01:25:42
1044,Shimoga,13.9167,75.5667,66.92,95,10,1.39,IN,2021-12-02 01:25:43
1045,Norilsk,69.3535,88.2027,-23.04,99,13,5.1,RU,2021-12-02 01:21:07
1046,Yeppoon,-23.1333,150.7333,87.58,66,5,7.7,AU,2021-12-02 01:25:44
1047,Steinbach,50.1667,8.5667,42.78,87,40,6.91,DE,2021-12-02 01:25:45
1048,Madaoua,14.073,5.96,71.56,18,24,11.03,NE,2021-12-02 01:25:45
1049,Kashi,39.4547,75.9797,25.81,54,0,11.18,CN,2021-12-02 01:25:46
1050,Rioja,-29.4111,-66.8507,82.98,36,65,15.52,AR,2021-12-02 01:25:47
1051,Capinzal,-27.3436,-51.6119,62.44,73,29,1.61,BR,2021-12-02 01:25:48
1052,Sambava,-14.2667,50.1667,74.77,85,41,8.52,MG,2021-12-02 01:25:48
1053,Broken Hill,-31.95,141.4333,92.91,24,10,17.27,AU,2021-12-02 01:25:49
1054,Tharad,24.3961,71.6267,67.53,57,92,6.13,IN,2021-12-02 01:25:50
1055,Kontagora,10.3999,5.4695,72.99,23,85,3.49,NG,2021-12-02 01:25:50
1056,Marihatag,8.7936,126.2969,83.41,73,98,2.04,PH,2021-12-02 01:25:52
1057,Jiuquan,39.7432,98.5174,24.39,37,0,6.49,CN,2021-12-02 01:25:52
1058,Carutapera,-1.195,-46.02,80.26,79,82,7.81,BR,2021-12-02 01:22:13
1059,Kongolo,-5.3833,27.0,67.64,97,70,1.66,CD,2021-12-02 01:25:53
1060,Tarbes,43.25,0.1667,45.25,93,75,6.91,FR,2021-12-02 01:25:54
1061,Aden,12.7794,45.0367,78.51,60,0,9.98,YE,2021-12-02 01:25:55
1062,Gwadar,25.1216,62.3254,73.33,50,0,3.83,PK,2021-12-02 01:25:56
1063,Butler,39.4501,-84.5666,51.49,90,90,3.44,US,2021-12-02 01:25:56
1064,Alyangula,-13.8483,136.4192,87.67,79,75,8.05,AU,2021-12-02 01:25:57
1065,Vila Do Maio,15.1333,-23.2167,74.19,66,100,17.27,CV,2021-12-02 01:25:58
1066,San Felipe,10.3399,-68.7425,71.35,99,68,2.64,VE,2021-12-02 01:25:59
1067,Turukhansk,65.8167,87.9833,-7.38,88,62,10.33,RU,2021-12-02 01:26:00
1068,Kalabo,-14.97,22.6814,75.85,49,100,3.87,ZM,2021-12-02 01:26:00
1069,Aguadilla,18.4275,-67.1541,78.6,94,75,3.0,PR,2021-12-02 01:26:01
1070,Raton,36.9034,-104.4391,54.59,26,1,4.61,US,2021-12-02 01:26:02
1071,Novoalekseyevskaya,44.8189,40.9339,37.78,89,100,12.86,RU,2021-12-02 01:26:03
1072,Vanavara,60.34,102.2797,-3.05,93,100,3.29,RU,2021-12-02 01:26:04
1073,Valparaiso,-33.0393,-71.6273,56.84,76,0,2.3,CL,2021-12-02 01:26:04
1074,Asfi,32.2994,-9.2372,56.88,72,0,7.76,MA,2021-12-02 01:26:05
1075,Portland,45.5234,-122.6762,60.04,89,75,3.44,US,2021-12-02 01:23:26
1076,Domazlice,49.4405,12.9298,42.49,92,100,14.07,CZ,2021-12-02 01:26:06
1077,Joao Camara,-5.5375,-35.8197,79.84,78,100,7.94,BR,2021-12-02 01:21:07
1078,Havre-Saint-Pierre,50.2334,-63.5986,28.4,93,90,6.91,CA,2021-12-02 01:26:08
1079,Diffa,13.3154,12.6113,72.54,36,88,10.83,NE,2021-12-02 01:26:08
1080,Sechura,-5.5569,-80.8222,66.96,78,100,11.01,PE,2021-12-02 01:26:09
1081,Luderitz,-26.6481,15.1594,59.56,72,0,16.31,NA,2021-12-02 01:25:21
1082,Kyra,49.5776,111.9753,17.6,60,2,21.81,RU,2021-12-02 01:26:11
1083,Teguldet,57.3064,88.1667,21.34,83,100,10.78,RU,2021-12-02 01:26:12
1084,Lincoln,40.8,-96.667,60.3,37,1,1.99,US,2021-12-02 01:26:12
1085,Huntley,42.1681,-88.4281,47.48,90,100,3.0,US,2021-12-02 01:26:13
1086,Lavrentiya,65.5833,-171.0,-10.82,84,0,5.35,RU,2021-12-02 01:26:14
1087,Koulikoro,14.0,-7.75,74.12,16,78,6.6,ML,2021-12-02 01:26:15
1088,Mehamn,71.0357,27.8492,33.31,61,100,27.09,NO,2021-12-02 01:26:16
1089,Blackwater,-23.5833,148.8833,88.2,43,25,6.91,AU,2021-12-02 01:26:17
1090,Balkanabat,39.5108,54.3671,63.37,50,100,7.31,TM,2021-12-02 01:26:17
1091,Dunyapur,29.7995,71.7196,53.62,28,4,4.72,PK,2021-12-02 01:26:18
1092,Nitra,48.3076,18.0845,43.74,96,100,9.73,SK,2021-12-02 01:26:19
1093,San Patricio,28.017,-97.5169,69.84,78,90,6.13,US,2021-12-02 01:26:20
1094,Todos Santos,23.45,-110.2167,78.6,74,6,5.73,MX,2021-12-02 01:26:20
1095,Knysna,-34.0363,23.0471,61.18,90,100,7.38,ZA,2021-12-02 01:26:21
1096,Nishiwaki,34.9833,134.9667,51.57,65,8,1.92,JP,2021-12-02 01:26:22
1097,Wagga Wagga,-35.1167,147.3667,86.59,42,0,4.61,AU,2021-12-02 01:26:23
1098,Lima,-12.0432,-77.0282,67.89,76,0,13.8,PE,2021-12-02 01:24:00
1099,Kushima,31.4583,131.2333,48.24,53,20,2.37,JP,2021-12-02 01:26:24
1100,Pevek,69.7008,170.3133,-8.28,94,100,6.2,RU,2021-12-02 01:26:25
1101,Rock Sound,24.9,-76.2,78.48,61,3,11.27,BS,2021-12-02 01:26:26
1102,Yichang,30.7144,111.2847,49.14,46,9,1.77,CN,2021-12-02 01:26:27
1103,Rawson,-43.3002,-65.1023,66.72,49,46,17.74,AR,2021-12-02 01:26:06
1104,Gemena,3.25,19.7667,69.73,97,100,3.04,CD,2021-12-02 01:26:28
1105,Sambo Creek,15.8167,-86.6833,78.01,94,20,0.0,HN,2021-12-02 01:26:29
1106,Acapulco,16.8634,-99.8901,82.22,74,1,0.0,MX,2021-12-02 01:24:02
1107,Ucluelet,48.9329,-125.5528,52.09,95,100,1.01,CA,2021-12-02 01:26:30
1108,Ust-Nera,64.5667,143.2,-44.55,100,98,5.1,RU,2021-12-02 01:26:31
1109,Cayenne,4.9333,-52.3333,81.09,87,90,3.0,GF,2021-12-02 01:26:31
1110,Agadez,19.75,10.25,64.08,18,95,8.43,NE,2021-12-02 01:23:30
1111,Maceio,-9.6658,-35.7353,78.24,83,20,5.75,BR,2021-12-02 01:26:33
1112,Hutchinson,38.0608,-97.9298,59.32,47,1,6.91,US,2021-12-02 01:24:08
1113,Thayetmyo,19.3167,95.1833,67.78,84,4,4.5,MM,2021-12-02 01:26:34
1114,Sterling,39.0062,-77.4286,52.59,58,90,7.0,US,2021-12-02 01:26:35
1115,Erzin,36.9559,36.2,47.12,58,1,4.63,TR,2021-12-02 01:26:36
1116,Maues,-3.3836,-57.7186,75.96,92,99,4.38,BR,2021-12-02 01:26:37
1117,Khanpur,28.6453,70.6567,61.86,29,0,5.46,PK,2021-12-02 01:26:38
1118,Hommelvik,63.4108,10.7942,31.98,92,90,5.75,NO,2021-12-02 01:26:39
1119,Atar,20.5169,-13.0499,69.87,14,100,10.36,MR,2021-12-02 01:26:39
1120,Vogan,6.3333,1.5333,82.22,85,63,7.9,TG,2021-12-02 01:26:40
1121,Guerrero Negro,27.9769,-114.0611,65.46,75,9,9.15,MX,2021-12-02 01:26:40
1122,Berlevag,70.8578,29.0864,33.93,60,100,29.44,NO,2021-12-02 01:26:41
1123,Oistins,13.0667,-59.5333,80.69,78,40,20.71,BB,2021-12-02 01:26:42
1124,Gunjur,13.2019,-16.7339,73.47,60,92,5.75,GM,2021-12-02 01:26:42
1125,Youkounkoun,12.5333,-13.1333,75.49,24,27,1.25,GN,2021-12-02 01:26:43
1126,Boa Vista,2.8197,-60.6733,76.98,88,75,2.3,BR,2021-12-02 01:26:44
1127,Aasiaat,68.7098,-52.8699,30.6,67,100,11.34,GL,2021-12-02 01:26:45
1128,Coihaique,-45.5752,-72.0662,44.55,70,75,5.75,CL,2021-12-02 01:26:31
1129,Pisco,-13.7,-76.2167,64.45,82,0,9.22,PE,2021-12-02 01:26:46
1130,Soverato,38.685,16.5499,55.35,84,94,4.63,IT,2021-12-02 01:26:46
1131,Bokoro,12.3807,17.0568,75.4,24,17,13.87,TD,2021-12-02 01:26:47
1132,Garden City,42.3256,-83.331,42.62,94,90,1.01,US,2021-12-02 01:26:48
1133,Pathalgaon,22.5667,83.4667,55.58,59,23,4.29,IN,2021-12-02 01:26:48
1134,Alugan,12.2188,125.4808,80.42,86,100,13.6,PH,2021-12-02 01:26:49
1135,Gravdal,68.1214,13.5031,33.13,62,100,32.59,NO,2021-12-02 01:26:50
1136,Hohhot,40.8106,111.6522,16.09,73,0,4.47,CN,2021-12-02 01:26:51
1137,Bani Walid,31.7566,13.9942,51.01,51,4,9.31,LY,2021-12-02 01:26:52
1138,Sinjar,36.3209,41.8754,49.95,63,3,7.25,IQ,2021-12-02 01:26:52
1139,San Borja,-14.8167,-66.85,78.58,74,100,4.09,BO,2021-12-02 01:26:53
1140,Oriximina,-1.7656,-55.8661,83.05,58,79,2.46,BR,2021-12-02 01:26:54
1141,Wajima,37.4,136.9,38.08,100,75,4.61,JP,2021-12-02 01:26:55
1142,Hovd,48.0056,91.6419,14.41,64,0,1.28,MN,2021-12-02 01:26:55
1143,Abu Kamal,34.4506,40.9171,60.4,49,100,10.11,SY,2021-12-02 01:26:56
1144,Fairbanks,64.8378,-147.7164,-4.7,78,40,0.0,US,2021-12-02 01:26:57
1145,Flin Flon,54.7682,-101.865,11.19,92,100,8.01,CA,2021-12-02 01:25:51
1146,Bezhanitsy,56.9767,29.8907,17.22,99,100,3.29,RU,2021-12-02 01:26:58
1147,Daru,-9.0763,143.2092,85.87,70,86,4.27,PG,2021-12-02 01:26:59
1148,Kisangani,0.5167,25.2,70.23,98,98,0.67,CD,2021-12-02 01:24:35
1149,Marathon,44.9,-89.7668,42.33,88,1,1.99,US,2021-12-02 01:27:00
1150,Bang Saphan,11.2126,99.5117,80.55,78,83,11.3,TH,2021-12-02 01:27:01
1151,Tura,25.5198,90.2201,62.22,68,9,3.42,IN,2021-12-02 01:27:01
1152,Dakar,14.6937,-17.4441,74.28,72,100,18.32,SN,2021-12-02 01:25:14
1153,Itarema,-2.9248,-39.9167,80.38,77,73,12.3,BR,2021-12-02 01:27:03
1154,Portel,-1.9356,-50.8211,79.75,70,92,3.53,BR,2021-12-02 01:27:04
1155,Farafangana,-22.8167,47.8333,73.81,88,98,5.32,MG,2021-12-02 01:27:05
