City_ID,City,Country,Date,Lat,Lng,Max Temp,Humidity,Cloudiness,Wind Speed,Weather Description
0,Upernavik,GL,2021-12-03 20:26:20,72.7868,-56.1549,13.68,81,40,7.63,scattered clouds
1,Miyoshi,JP,2021-12-03 20:26:21,35.0833,137.0667,49.62,68,9,2.57,clear sky
2,Renqiu,CN,2021-12-03 20:26:22,38.6989,116.0936,38.03,48,0,0.83,clear sky
3,Cabedelo,BR,2021-12-03 20:26:22,-6.9811,-34.8339,83.07,76,68,11.32,broken clouds
4,Cape Town,ZA,2021-12-03 20:21:31,-33.9258,18.4232,63.12,62,20,5.99,few clouds
5,Ushuaia,AR,2021-12-03 20:21:35,-54.8,-68.3,56.86,38,75,20.71,broken clouds
6,Dehloran,IR,2021-12-03 20:26:25,32.6941,47.2679,59.67,38,0,2.86,clear sky
7,Saint George,US,2021-12-03 20:26:25,37.1041,-113.5841,72.07,26,1,1.01,clear sky
8,Punta Arenas,CL,2021-12-03 20:26:26,-53.15,-70.9167,57.31,44,75,25.32,broken clouds
9,Vardo,NO,2021-12-03 20:26:27,70.3705,31.1107,28.38,74,40,9.22,light snow
10,Atuona,PF,2021-12-03 20:26:27,-9.8,-139.0333,78.51,73,6,17.9,clear sky
11,Cidreira,BR,2021-12-03 20:26:28,-30.1811,-50.2056,70.2,72,23,19.19,few clouds
12,Mar Del Plata,AR,2021-12-03 20:26:28,-38.0023,-57.5575,63.09,93,90,5.01,overcast clouds
13,Yellowknife,CA,2021-12-03 20:26:29,62.456,-114.3525,-7.58,90,90,13.8,light snow
14,Victoria Point,AU,2021-12-03 20:26:29,-27.5833,153.3,74.08,93,5,1.01,clear sky
15,Plover,US,2021-12-03 20:26:29,44.4564,-89.544,36.59,91,90,3.0,mist
16,Busselton,AU,2021-12-03 20:26:30,-33.65,115.3333,53.04,79,0,11.72,clear sky
17,Ribeira Grande,PT,2021-12-03 20:26:30,38.5167,-28.7,63.0,94,40,5.75,scattered clouds
18,Clarence Town,AU,2021-12-03 20:26:31,-32.5833,151.7833,70.34,95,99,2.64,overcast clouds
19,Tiksi,RU,2021-12-03 20:26:31,71.6872,128.8694,-32.26,99,55,5.64,broken clouds
20,Monster,NL,2021-12-03 20:26:31,52.0258,4.175,44.06,84,90,5.01,drizzle
21,Albany,US,2021-12-03 20:22:15,42.6001,-73.9662,37.15,51,2,1.99,clear sky
22,Kuytun,RU,2021-12-03 20:26:32,54.3419,101.5036,4.64,94,31,3.6,scattered clouds
23,Iquique,CL,2021-12-03 20:26:32,-20.2208,-70.1431,68.04,67,65,8.99,broken clouds
24,Atasu,KZ,2021-12-03 20:26:33,48.6814,71.6433,16.68,97,34,2.73,scattered clouds
25,Lukiv,UA,2021-12-03 20:26:33,51.0521,25.4006,30.18,70,8,13.87,clear sky
26,Tuktoyaktuk,CA,2021-12-03 20:26:33,69.4541,-133.0374,-18.4,69,75,13.8,broken clouds
27,Indramayu,ID,2021-12-03 20:26:34,-6.3264,108.32,81.46,77,100,7.72,very heavy rain
28,Saint-Philippe,RE,2021-12-03 20:26:34,-21.3585,55.7679,78.35,86,19,10.16,few clouds
29,Bluff,NZ,2021-12-03 20:26:35,-46.6,168.3333,58.8,90,99,6.76,overcast clouds
30,Araguacu,BR,2021-12-03 20:26:35,-12.9306,-49.8264,84.58,69,57,3.44,light rain
31,Kaitangata,NZ,2021-12-03 20:26:35,-46.2817,169.8464,57.7,98,100,4.21,light rain
32,Pevek,RU,2021-12-03 20:26:36,69.7008,170.3133,-0.51,89,100,21.7,overcast clouds
33,Mataura,NZ,2021-12-03 20:26:36,-46.1927,168.8643,58.48,99,100,3.42,overcast clouds
34,Manokwari,ID,2021-12-03 20:26:37,-0.8667,134.0833,77.95,84,100,8.1,overcast clouds
35,Rikitea,PF,2021-12-03 20:26:37,-23.1203,-134.9692,76.41,75,47,15.57,scattered clouds
36,Souillac,MU,2021-12-03 20:26:37,-20.5167,57.5167,78.37,83,20,8.05,few clouds
37,Avera,US,2021-12-03 20:26:38,33.194,-82.5271,80.71,27,10,7.76,clear sky
38,Nikolskoye,RU,2021-12-03 20:26:38,59.7035,30.7861,23.02,95,100,7.05,overcast clouds
39,Xam Nua,LA,2021-12-03 20:26:39,20.4197,104.0439,43.9,67,57,1.5,broken clouds
40,Kapaa,US,2021-12-03 20:26:39,22.0752,-159.319,76.98,85,90,1.99,moderate rain
41,Hobart,AU,2021-12-03 20:26:40,-42.8794,147.3294,52.02,78,75,1.99,broken clouds
42,Bredasdorp,ZA,2021-12-03 20:26:40,-34.5322,20.0403,61.29,69,93,7.38,overcast clouds
43,Kefamenanu,ID,2021-12-03 20:26:41,-9.4467,124.4781,75.06,81,100,0.22,overcast clouds
44,Paamiut,GL,2021-12-03 20:26:41,61.994,-49.6678,18.81,64,100,15.3,overcast clouds
45,Oktyabrskoye,RU,2021-12-03 20:26:42,43.0645,44.7417,21.34,93,0,4.47,clear sky
46,Esperance,AU,2021-12-03 20:26:42,-33.8667,121.9,53.44,83,0,11.9,clear sky
47,Urumqi,CN,2021-12-03 20:26:03,43.801,87.6005,14.95,79,81,2.24,mist
48,New Norfolk,AU,2021-12-03 20:26:43,-42.7826,147.0587,51.66,69,97,3.0,overcast clouds
49,Mao,ES,2021-12-03 20:26:43,39.8885,4.2658,46.96,66,20,4.61,few clouds
50,Victoria,HK,2021-12-03 20:26:44,22.2855,114.1577,64.38,38,46,10.0,scattered clouds
51,Haines Junction,CA,2021-12-03 20:24:08,60.7522,-137.5108,-4.05,59,100,8.05,overcast clouds
52,Senneterre,CA,2021-12-03 20:22:00,48.3835,-77.2328,8.82,70,91,8.01,overcast clouds
53,Hilo,US,2021-12-03 20:26:44,19.7297,-155.09,80.8,74,20,4.61,few clouds
54,Alice Springs,AU,2021-12-03 20:21:54,-23.7,133.8833,71.15,49,3,4.61,clear sky
55,Touros,BR,2021-12-03 20:26:45,-5.1989,-35.4608,85.1,75,100,12.86,overcast clouds
56,Kirakira,SB,2021-12-03 20:26:45,-10.4544,161.9205,80.2,83,100,1.1,overcast clouds
57,Tasiilaq,GL,2021-12-03 20:26:46,65.6145,-37.6368,23.16,58,87,7.31,overcast clouds
58,Taltal,CL,2021-12-03 20:26:46,-25.4,-70.4833,67.6,63,30,7.72,scattered clouds
59,Hermanus,ZA,2021-12-03 20:26:46,-34.4187,19.2345,62.91,71,45,14.7,scattered clouds
60,Vaini,TO,2021-12-03 20:26:47,-21.2,-175.2,80.76,89,20,8.05,light rain
61,Talnakh,RU,2021-12-03 20:26:47,69.4865,88.3972,-23.8,99,100,11.5,overcast clouds
62,French Harbor,HN,2021-12-03 20:26:47,16.35,-86.4333,84.2,79,40,3.0,scattered clouds
63,Puerto Ayora,EC,2021-12-03 20:26:48,-0.7393,-90.3518,78.76,80,72,9.48,broken clouds
64,East London,ZA,2021-12-03 20:26:48,-33.0153,27.9116,64.54,73,98,8.57,overcast clouds
65,Lethem,GY,2021-12-03 20:26:48,3.3803,-59.7968,87.37,53,100,8.32,overcast clouds
66,Qaanaaq,GL,2021-12-03 20:26:49,77.484,-69.3632,9.91,94,99,1.03,light snow
67,Voyvozh,RU,2021-12-03 20:26:49,62.892,54.9635,-3.42,99,99,4.61,overcast clouds
68,Presidencia Roque Saenz Pena,AR,2021-12-03 20:26:50,-26.7852,-60.4388,92.44,28,27,8.28,scattered clouds
69,Chokurdakh,RU,2021-12-03 20:26:50,70.6333,147.9167,-19.84,94,100,13.2,overcast clouds
70,Faya,SA,2021-12-03 20:26:51,18.3851,42.4509,55.92,29,27,4.36,scattered clouds
71,Severo-Kurilsk,RU,2021-12-03 20:26:51,50.6789,156.125,38.25,87,100,14.99,overcast clouds
72,Manggar,ID,2021-12-03 20:26:52,-2.8833,108.2667,79.75,86,100,10.09,overcast clouds
73,Honningsvag,NO,2021-12-03 20:26:52,70.9821,25.9704,22.75,80,20,9.22,few clouds
74,Kargasok,RU,2021-12-03 20:26:52,59.0556,80.8572,23.81,88,100,15.5,overcast clouds
75,Laguna,US,2021-12-03 20:26:53,38.421,-121.4238,76.23,100,90,0.0,fog
76,Basco,PH,2021-12-03 20:26:53,20.4487,121.9702,72.03,63,83,31.14,broken clouds
77,Eureka,US,2021-12-03 20:26:53,40.8021,-124.1637,51.19,75,39,3.8,scattered clouds
78,Butaritari,KI,2021-12-03 20:26:54,3.0707,172.7902,82.89,67,64,13.18,broken clouds
79,Ylivieska,FI,2021-12-03 20:26:54,64.0833,24.55,19.31,84,100,9.15,overcast clouds
80,Kodiak,US,2021-12-03 20:26:55,57.79,-152.4072,9.91,85,1,4.61,clear sky
81,Hithadhoo,MV,2021-12-03 20:26:55,-0.6,73.0833,81.45,78,10,10.42,clear sky
82,Cabo San Lucas,MX,2021-12-03 20:25:56,22.8909,-109.9124,90.7,58,1,4.0,clear sky
83,Ahipara,NZ,2021-12-03 20:26:56,-35.1667,173.1667,65.97,86,100,9.17,light rain
84,Avarua,CK,2021-12-03 20:26:56,-21.2078,-159.775,80.65,83,20,6.91,light rain
85,Labuhan,ID,2021-12-03 20:26:56,-6.8844,112.2051,79.05,86,100,5.99,light rain
86,Thompson,CA,2021-12-03 20:26:57,55.7435,-97.8558,-2.04,71,75,11.5,broken clouds
87,Auki,SB,2021-12-03 20:26:57,-8.7676,160.7034,78.64,83,100,2.06,overcast clouds
88,Coos Bay,US,2021-12-03 20:26:57,43.3665,-124.2179,56.23,88,1,3.44,clear sky
89,Bengkulu,ID,2021-12-03 20:26:58,-3.8004,102.2655,76.78,89,100,4.92,moderate rain
90,Atar,MR,2021-12-03 20:26:58,20.5169,-13.0499,71.28,24,99,9.66,overcast clouds
91,Binulasan,PH,2021-12-03 20:26:59,14.7317,121.6986,75.83,82,100,17.29,overcast clouds
92,Provideniya,RU,2021-12-03 20:26:59,64.3833,-173.3,28.62,98,100,6.53,light snow
93,Te Anau,NZ,2021-12-03 20:26:59,-45.4167,167.7167,57.56,98,100,1.03,light rain
94,Pisco,PE,2021-12-03 20:24:53,-13.7,-76.2167,73.45,64,0,20.71,clear sky
95,Naze,JP,2021-12-03 20:27:00,28.3667,129.4833,59.36,55,100,14.99,overcast clouds
96,Chuy,UY,2021-12-03 20:27:00,-33.6971,-53.4616,68.85,68,74,11.63,broken clouds
97,Longyearbyen,SJ,2021-12-03 20:27:01,78.2186,15.6401,35.44,60,40,19.57,scattered clouds
98,Diffa,NE,2021-12-03 20:27:01,13.3154,12.6113,77.0,19,24,6.31,few clouds
99,Beringovskiy,RU,2021-12-03 20:27:01,63.05,179.3167,21.83,92,54,7.34,broken clouds
100,Codrington,AU,2021-12-03 20:27:02,-38.2667,141.9667,54.55,80,100,9.4,overcast clouds
101,Dzhankoy,UA,2021-12-03 20:27:02,45.7167,34.4,54.93,80,93,19.06,overcast clouds
102,Jamestown,US,2021-12-03 20:24:28,42.097,-79.2353,37.02,79,90,3.0,overcast clouds
103,Uglovskoye,RU,2021-12-03 20:27:03,51.3557,80.1942,27.57,90,59,7.94,broken clouds
104,Perehonivka,UA,2021-12-03 20:27:03,48.5355,30.5192,36.34,82,100,9.51,overcast clouds
105,Liwale,TZ,2021-12-03 20:27:03,-9.7667,37.9333,70.2,77,1,3.87,clear sky
106,Oulu,FI,2021-12-03 20:27:04,65.0124,25.4682,15.91,89,0,1.01,clear sky
107,Krasnoye,UA,2021-12-03 20:27:04,49.9145,24.6134,24.19,83,9,9.51,clear sky
108,Port Alfred,ZA,2021-12-03 20:27:04,-33.5906,26.891,64.44,75,100,9.04,overcast clouds
109,Kavaratti,IN,2021-12-03 20:27:05,10.5669,72.642,81.27,74,1,1.39,clear sky
110,Bonthe,SL,2021-12-03 20:27:05,7.5264,-12.505,80.82,79,99,8.84,overcast clouds
111,Cap Malheureux,MU,2021-12-03 20:27:06,-19.9842,57.6142,78.48,75,5,5.99,clear sky
112,Kruisfontein,ZA,2021-12-03 20:27:06,-34.0033,24.7314,57.88,83,100,4.88,overcast clouds
113,Arraial Do Cabo,BR,2021-12-03 20:27:07,-22.9661,-42.0278,75.16,73,75,9.22,broken clouds
114,Pokrovskoye,RU,2021-12-03 20:27:07,47.4157,38.8971,45.81,77,99,15.26,overcast clouds
115,Warri,NG,2021-12-03 20:27:07,5.5167,5.75,80.53,80,100,5.19,overcast clouds
116,Gumdag,TM,2021-12-03 20:27:08,39.2061,54.5906,43.81,80,31,15.03,scattered clouds
117,Vila Velha,BR,2021-12-03 20:27:08,-20.3297,-40.2925,75.15,95,90,5.01,mist
118,Sitka,US,2021-12-03 20:27:08,57.0531,-135.33,30.09,69,40,6.91,light snow
119,Marystown,CA,2021-12-03 20:27:09,47.1666,-55.1483,50.86,100,100,13.0,overcast clouds
120,Williamsport,US,2021-12-03 20:27:09,41.2412,-77.0011,45.52,66,75,1.01,broken clouds
121,Chapais,CA,2021-12-03 20:27:09,49.7834,-74.8492,6.58,90,100,9.93,overcast clouds
122,Orje,NO,2021-12-03 20:27:10,59.4802,11.6602,19.36,79,100,9.1,overcast clouds
123,Port Keats,AU,2021-12-03 20:27:10,-14.25,129.55,84.47,79,100,8.01,overcast clouds
124,Marsh Harbour,BS,2021-12-03 20:26:05,26.5412,-77.0636,74.03,62,67,9.08,broken clouds
125,Ouallam,NE,2021-12-03 20:27:11,14.3188,2.0866,82.11,13,85,10.78,overcast clouds
126,San Patricio,US,2021-12-03 20:27:11,28.017,-97.5169,84.61,54,3,10.74,clear sky
127,Carnarvon,AU,2021-12-03 20:27:11,-24.8667,113.6333,69.87,88,90,16.11,overcast clouds
128,Aqtobe,KZ,2021-12-03 20:27:12,50.2797,57.2072,33.89,86,90,13.42,overcast clouds
129,Sergeyevka,KZ,2021-12-03 20:27:12,53.88,67.4158,26.58,92,95,17.05,overcast clouds
130,Saint-Joseph,RE,2021-12-03 20:27:12,-21.3667,55.6167,77.36,84,9,8.7,clear sky
131,Vangaindrano,MG,2021-12-03 20:27:13,-23.35,47.6,73.36,90,28,5.64,scattered clouds
132,Yar-Sale,RU,2021-12-03 20:27:13,66.8333,70.8333,-10.98,92,100,10.94,overcast clouds
133,Solnechnyy,RU,2021-12-03 20:27:14,50.7214,136.6319,-6.16,99,52,1.97,broken clouds
134,Joshimath,IN,2021-12-03 20:27:14,30.5667,79.5667,43.81,55,0,9.33,clear sky
135,Astana,KZ,2021-12-03 20:27:15,51.1801,71.446,22.95,86,90,20.13,overcast clouds
136,Inhambane,MZ,2021-12-03 20:27:15,-23.865,35.3833,76.3,95,14,8.61,few clouds
137,Bitung,ID,2021-12-03 20:27:15,1.4451,125.1824,76.05,85,100,8.01,heavy intensity rain
138,Kanigoro,ID,2021-12-03 20:27:16,-8.13,112.219,73.51,96,38,1.9,light rain
139,Norman Wells,CA,2021-12-03 20:27:16,65.282,-126.8329,-36.36,61,20,2.3,few clouds
140,Port Lincoln,AU,2021-12-03 20:27:16,-34.7333,135.8667,54.93,76,4,11.03,clear sky
141,Huarmey,PE,2021-12-03 20:27:17,-10.0681,-78.1522,72.46,73,20,12.37,few clouds
142,Sur,OM,2021-12-03 20:27:17,22.5667,59.5289,73.42,58,0,6.67,clear sky
143,Tura,IN,2021-12-03 20:27:17,25.5198,90.2201,63.23,85,93,2.35,overcast clouds
144,Port Moresby,PG,2021-12-03 20:25:16,-9.4431,147.1797,76.42,94,40,4.61,scattered clouds
145,Buala,SB,2021-12-03 20:27:18,-8.145,159.5921,80.06,82,100,3.85,overcast clouds
146,Fortuna,US,2021-12-03 20:27:18,40.5982,-124.1573,50.92,93,75,0.0,broken clouds
147,Ilulissat,GL,2021-12-03 20:27:19,69.2167,-51.1,15.82,62,20,33.38,few clouds
148,Barrow,US,2021-12-03 20:27:19,71.2906,-156.7887,-16.58,69,1,21.85,haze
149,Acapulco,MX,2021-12-03 20:27:20,16.8634,-99.8901,85.82,66,40,9.22,scattered clouds
150,Airai,TL,2021-12-03 20:27:20,-8.9266,125.4092,61.5,87,83,2.37,broken clouds
151,Loa Janan,ID,2021-12-03 20:27:20,-0.583,117.095,74.5,97,100,1.63,overcast clouds
152,Bathsheba,BB,2021-12-03 20:27:21,13.2167,-59.5167,83.01,69,20,17.27,few clouds
153,Evensk,RU,2021-12-03 20:27:21,61.95,159.2333,-18.11,74,5,9.04,clear sky
154,Bhit Shah,PK,2021-12-03 20:27:22,25.8044,68.4927,59.05,20,0,6.04,clear sky
155,Bo Rai,TH,2021-12-03 20:27:22,12.5728,102.5371,65.77,79,100,6.76,overcast clouds
156,Vestmannaeyjar,IS,2021-12-03 20:27:22,63.4427,-20.2734,37.44,69,94,2.89,overcast clouds
157,Salalah,OM,2021-12-03 20:27:23,17.0151,54.0924,75.29,64,0,2.3,clear sky
158,Port Elizabeth,ZA,2021-12-03 20:27:23,-33.918,25.5701,61.09,82,0,2.3,clear sky
159,Leningradskiy,RU,2021-12-03 20:27:23,69.3833,178.4167,10.78,84,3,6.24,clear sky
160,Flin Flon,CA,2021-12-03 20:27:24,54.7682,-101.865,4.84,72,90,11.5,light snow
161,Abu Samrah,SY,2021-12-03 20:27:24,35.3029,37.1841,53.98,55,100,7.23,overcast clouds
162,Saldanha,ZA,2021-12-03 20:27:24,-33.0117,17.9442,62.65,79,53,25.61,broken clouds
163,Milkovo,RU,2021-12-03 20:27:25,54.7167,158.6167,20.95,92,48,1.63,scattered clouds
164,Synya,RU,2021-12-03 20:27:25,65.3718,58.0387,-0.31,96,100,6.51,overcast clouds
165,Atamanovka,RU,2021-12-03 20:27:25,51.93,113.63,18.03,96,49,2.8,scattered clouds
166,Lumberton,US,2021-12-03 20:27:26,34.6182,-79.0086,80.1,33,1,1.72,clear sky
167,Hasaki,JP,2021-12-03 20:27:26,35.7333,140.8333,34.2,61,0,6.89,clear sky
168,Niquelandia,BR,2021-12-03 20:27:27,-14.4739,-48.4597,79.56,82,98,0.94,moderate rain
169,Margate,GB,2021-12-03 20:27:27,51.3813,1.3862,46.89,90,100,4.72,overcast clouds
170,Nemuro,JP,2021-12-03 20:27:27,43.3236,145.575,41.59,81,19,18.75,few clouds
171,The Valley,AI,2021-12-03 20:27:28,18.217,-63.0578,84.06,74,40,10.36,scattered clouds
172,Chicama,PE,2021-12-03 20:27:28,-7.8447,-79.1469,66.74,61,71,11.16,broken clouds
173,Honiara,SB,2021-12-03 20:27:28,-9.4333,159.95,79.25,83,100,1.54,overcast clouds
174,Bethel,US,2021-12-03 20:25:33,41.3712,-73.414,45.55,50,1,1.01,clear sky
175,Nome,US,2021-12-03 20:27:29,64.5011,-165.4064,6.87,78,90,32.21,snow
176,Mbekenyera,TZ,2021-12-03 20:27:29,-10.0,38.9833,72.45,86,2,8.21,clear sky
177,Sola,VU,2021-12-03 20:27:30,-13.8833,167.55,81.73,74,79,16.04,broken clouds
178,Tefe,BR,2021-12-03 20:27:30,-3.3542,-64.7114,86.11,79,40,3.44,scattered clouds
179,Padang,ID,2021-12-03 20:27:31,-0.9492,100.3543,78.3,79,100,4.27,light rain
180,Faanui,PF,2021-12-03 20:27:31,-16.4833,-151.75,81.5,69,46,19.35,scattered clouds
181,Lagoa,PT,2021-12-03 20:27:31,39.05,-27.9833,63.9,83,74,10.58,broken clouds
182,Fonte Boa,BR,2021-12-03 20:27:32,-2.4959,-66.2662,79.14,87,100,3.0,overcast clouds
183,Cherskiy,RU,2021-12-03 20:27:32,68.75,161.3,-9.04,97,100,14.2,light snow
184,Ossora,RU,2021-12-03 20:27:32,59.2353,163.0719,23.92,67,0,20.76,clear sky
185,Sorland,NO,2021-12-03 20:27:33,67.667,12.6934,30.06,57,48,25.95,scattered clouds
186,Sobolevo,RU,2021-12-03 20:27:33,54.4299,31.8996,25.77,90,11,13.24,few clouds
187,Biloxi,US,2021-12-03 20:27:33,30.396,-88.8853,77.72,62,1,10.36,clear sky
188,Hofn,IS,2021-12-03 20:27:34,64.2539,-15.2082,30.97,57,6,10.11,clear sky
189,Dikson,RU,2021-12-03 20:27:34,73.5069,80.5464,-22.74,94,97,14.7,overcast clouds
190,Kolo,PL,2021-12-03 20:27:34,52.2002,18.6387,31.69,54,93,13.87,overcast clouds
191,Ust-Tsilma,RU,2021-12-03 20:27:35,65.441,52.1498,-4.02,93,8,6.38,clear sky
192,Streator,US,2021-12-03 20:27:35,41.1209,-88.8354,60.57,50,4,1.01,clear sky
193,Gat,IL,2021-12-03 20:24:30,31.61,34.7642,63.39,60,100,2.44,overcast clouds
194,Georgetown,MY,2021-12-03 20:25:40,5.4112,100.3354,79.9,82,20,0.0,few clouds
195,Turka,UA,2021-12-03 20:27:36,49.1541,23.0297,19.94,96,59,4.36,broken clouds
196,Castro,BR,2021-12-03 20:22:52,-24.7911,-50.0119,70.75,67,51,11.03,broken clouds
197,Nelson Bay,AU,2021-12-03 20:27:36,-32.7167,152.15,70.11,97,63,3.49,broken clouds
198,Vanimo,PG,2021-12-03 20:27:37,-2.6741,141.3028,77.5,89,47,4.47,scattered clouds
199,Canto Do Buriti,BR,2021-12-03 20:27:37,-8.11,-42.9444,84.54,57,100,1.34,overcast clouds
200,Bereda,ES,2021-12-03 20:27:37,43.2686,-7.5406,55.0,100,100,7.87,overcast clouds
201,Lakes Entrance,AU,2021-12-03 20:27:38,-37.8811,147.981,56.57,73,72,11.41,broken clouds
202,Harper,LR,2021-12-03 20:27:38,4.375,-7.7169,79.52,83,74,8.46,broken clouds
203,Tandil,AR,2021-12-03 20:27:38,-37.3217,-59.1332,63.3,75,100,13.0,light rain
204,La Palma,US,2021-12-03 20:27:39,33.8464,-118.0467,73.96,69,75,1.99,haze
205,Kasongo-Lunda,CD,2021-12-03 20:27:39,-6.4667,16.8167,71.37,99,100,2.48,light rain
206,Los Llanos De Aridane,ES,2021-12-03 20:27:39,28.6585,-17.9182,61.12,74,75,11.99,broken clouds
207,High Rock,BS,2021-12-03 20:27:40,26.6208,-78.2833,75.22,59,53,8.97,broken clouds
208,Pacifica,US,2021-12-03 20:27:40,37.6138,-122.4869,61.36,82,90,3.0,haze
209,Owensboro,US,2021-12-03 20:27:41,37.7742,-87.1133,75.16,43,1,9.22,clear sky
210,Chimbote,PE,2021-12-03 20:27:41,-9.0853,-78.5783,70.81,74,32,11.43,scattered clouds
211,Vila,PT,2021-12-03 20:27:42,42.0304,-8.1588,45.32,94,100,4.81,overcast clouds
212,Kushiro,JP,2021-12-03 20:27:42,42.975,144.3747,39.04,86,8,7.94,clear sky
213,Saryozek,KZ,2021-12-03 20:27:42,44.3583,77.9753,45.1,32,99,3.49,overcast clouds
214,San Ramon,US,2021-12-03 20:27:43,37.7799,-121.978,61.43,85,90,0.0,mist
215,Great Bend,US,2021-12-03 20:27:43,38.3645,-98.7648,64.45,42,1,3.0,clear sky
216,Cartagena,CO,2021-12-03 20:23:42,10.3997,-75.5144,87.42,66,20,9.22,few clouds
217,Samana,DO,2021-12-03 20:27:44,19.2056,-69.3369,84.42,74,40,6.91,scattered clouds
218,Darnah,LY,2021-12-03 20:27:44,32.767,22.6367,63.84,43,100,14.47,overcast clouds
219,Catalao,BR,2021-12-03 20:27:45,-18.1658,-47.9464,78.69,60,94,2.3,overcast clouds
220,Constitucion,CL,2021-12-03 20:23:08,-35.3333,-72.4167,62.67,56,2,16.02,clear sky
221,Torbay,CA,2021-12-03 20:27:45,47.6666,-52.7314,53.28,98,90,25.32,moderate rain
222,Puerto Cabezas,NI,2021-12-03 20:27:45,14.0351,-83.3888,75.16,100,40,4.61,scattered clouds
223,Yerbogachen,RU,2021-12-03 20:27:46,61.2767,108.0108,27.21,95,100,12.35,light snow
224,Mahebourg,MU,2021-12-03 20:27:46,-20.4081,57.7,78.26,83,20,8.05,few clouds
225,Portland,US,2021-12-03 20:22:58,45.5234,-122.6762,49.17,80,75,1.01,broken clouds
226,Villa Carlos Paz,AR,2021-12-03 20:27:47,-31.4241,-64.4978,80.89,27,49,11.99,scattered clouds
227,Saint-Georges,GD,2021-12-03 20:25:53,12.0564,-61.7485,85.68,70,40,12.66,scattered clouds
228,Port-Gentil,GA,2021-12-03 20:27:47,-0.7193,8.7815,76.96,88,40,2.3,moderate rain
229,Majene,ID,2021-12-03 20:27:48,-3.5403,118.9707,77.9,85,85,3.18,light rain
230,Tommot,RU,2021-12-03 20:27:48,58.9564,126.2925,-10.34,85,100,3.53,overcast clouds
231,Marsaxlokk,MT,2021-12-03 20:27:49,35.8419,14.5431,56.08,76,20,14.97,few clouds
232,Rapid Valley,US,2021-12-03 20:27:49,44.0625,-103.1463,53.2,64,90,4.61,overcast clouds
233,Sao Joao Da Barra,BR,2021-12-03 20:27:49,-21.6403,-41.0511,71.69,79,95,8.14,moderate rain
234,Zhovtneve,UA,2021-12-03 20:27:50,50.6637,24.2492,30.72,68,8,12.86,clear sky
235,La Ronge,CA,2021-12-03 20:27:50,55.1001,-105.2842,10.65,72,90,8.05,light snow
236,Ca Mau,VN,2021-12-03 20:27:50,9.1769,105.15,71.1,84,98,5.99,overcast clouds
237,Lebu,CL,2021-12-03 20:27:51,-37.6167,-73.65,56.91,70,0,18.77,clear sky
238,Hay River,CA,2021-12-03 20:27:51,60.8156,-115.7999,-5.82,77,75,16.11,broken clouds
239,Katsuura,JP,2021-12-03 20:27:04,35.1333,140.3,46.51,63,0,10.8,clear sky
240,Havre-Saint-Pierre,CA,2021-12-03 20:27:52,50.2334,-63.5986,30.56,69,90,17.27,overcast clouds
241,Maiduguri,NG,2021-12-03 20:27:52,11.8464,13.1603,75.96,26,2,9.31,clear sky
242,Batemans Bay,AU,2021-12-03 20:27:52,-35.7167,150.1833,63.1,93,100,1.59,overcast clouds
243,Rawson,AR,2021-12-03 20:27:53,-43.3002,-65.1023,68.77,34,3,22.53,clear sky
244,Yerraguntla,IN,2021-12-03 20:27:53,14.6372,78.5395,72.37,74,57,2.15,broken clouds
245,Porto Belo,BR,2021-12-03 20:27:53,-27.1578,-48.5531,76.96,70,100,7.31,overcast clouds
246,Luderitz,NA,2021-12-03 20:27:54,-26.6481,15.1594,61.11,85,29,10.27,scattered clouds
247,Lorengau,PG,2021-12-03 20:27:54,-2.0226,147.2712,82.38,79,56,10.38,broken clouds
248,Bairiki,KI,2021-12-03 20:27:54,1.3292,172.9752,84.2,70,40,5.75,scattered clouds
249,Sabang,ID,2021-12-03 20:27:55,5.8933,95.3214,78.84,81,100,20.15,moderate rain
250,Ostrovnoy,RU,2021-12-03 20:27:55,68.0531,39.5131,22.91,67,100,11.36,light snow
251,Poum,NC,2021-12-03 20:27:55,-20.2333,164.0167,79.39,78,45,12.77,scattered clouds
252,Burnie,AU,2021-12-03 20:27:56,-41.0667,145.9167,54.37,79,60,16.15,broken clouds
253,Meulaboh,ID,2021-12-03 20:27:56,4.1363,96.1285,76.1,85,98,3.24,overcast clouds
254,Tomatlan,MX,2021-12-03 20:27:56,19.9333,-105.25,89.1,51,4,8.34,clear sky
255,Ancud,CL,2021-12-03 20:27:57,-41.8697,-73.8203,63.93,63,1,6.67,clear sky
256,Ambilobe,MG,2021-12-03 20:27:57,-13.2,49.05,77.43,71,2,6.02,clear sky
257,Coihaique,CL,2021-12-03 20:27:58,-45.5752,-72.0662,67.95,30,20,8.05,few clouds
258,Matagami,CA,2021-12-03 20:27:58,49.7502,-77.6328,5.11,72,75,8.05,broken clouds
259,San Severino Marche,IT,2021-12-03 20:27:59,43.2281,13.1802,44.22,86,87,5.3,light rain
260,Halifax,CA,2021-12-03 20:23:52,44.6453,-63.5724,38.34,85,75,10.0,broken clouds
261,Tautira,PF,2021-12-03 20:27:59,-17.7333,-149.15,86.02,74,7,16.89,clear sky
262,Praia,CV,2021-12-03 20:25:13,14.9215,-23.5087,73.94,73,20,25.32,few clouds
263,Ixtapa,MX,2021-12-03 20:28:00,20.7,-105.2,81.63,69,1,6.91,clear sky
264,Kahului,US,2021-12-03 20:24:03,20.8947,-156.47,75.85,94,75,6.91,light rain
265,Geraldton,AU,2021-12-03 20:28:00,-28.7667,114.6,73.13,77,0,11.5,clear sky
266,Pedernales,DO,2021-12-03 20:28:01,18.0384,-71.744,82.9,69,100,7.23,overcast clouds
267,Riyadh,SA,2021-12-03 20:25:49,24.6877,46.7219,55.54,42,13,6.73,few clouds
268,Okhotsk,RU,2021-12-03 20:28:01,59.3833,143.3,-16.73,87,70,16.51,broken clouds
269,Axim,GH,2021-12-03 20:28:01,4.8699,-2.2405,80.26,83,29,7.58,scattered clouds
270,Kirovskiy,RU,2021-12-03 20:28:02,45.0917,133.5136,10.35,96,100,5.93,light snow
271,Namatanai,PG,2021-12-03 20:28:02,-3.6667,152.4333,80.29,84,96,6.93,moderate rain
272,Port Hardy,CA,2021-12-03 20:28:03,50.6996,-127.4199,41.0,87,75,3.44,broken clouds
273,Cairns,AU,2021-12-03 20:28:03,-16.9167,145.7667,80.55,81,100,9.22,overcast clouds
274,Klaksvik,FO,2021-12-03 20:28:03,62.2266,-6.589,36.52,68,16,3.98,few clouds
275,Santiago,CL,2021-12-03 20:27:01,-33.4569,-70.6483,84.16,30,0,9.22,clear sky
276,Aksu,CN,2021-12-03 20:24:51,41.1231,80.2644,26.69,49,100,1.32,overcast clouds
277,Hamilton,US,2021-12-03 20:28:04,39.1834,-84.5333,61.75,50,1,1.99,clear sky
278,Hobyo,SO,2021-12-03 20:28:04,5.3505,48.5268,78.85,70,7,14.61,clear sky
279,Poli,TZ,2021-12-03 20:28:05,-3.3333,36.8,61.23,81,27,4.68,scattered clouds
280,Kushnarenkovo,RU,2021-12-03 20:28:05,55.105,55.3508,34.18,96,100,10.87,overcast clouds
281,Merauke,ID,2021-12-03 20:28:05,-8.4667,140.3333,79.34,87,100,6.73,overcast clouds
282,Cockburn Town,TC,2021-12-03 20:28:06,21.4612,-71.1419,79.97,74,1,13.27,clear sky
283,Charters Towers,AU,2021-12-03 20:28:06,-20.1,146.2667,75.25,80,98,4.72,overcast clouds
284,Piacabucu,BR,2021-12-03 20:28:06,-10.4056,-36.4344,81.88,72,40,13.49,scattered clouds
285,Nizhniy Kuranakh,RU,2021-12-03 20:28:07,58.8353,125.4869,-3.01,90,100,3.06,overcast clouds
286,Kyra,RU,2021-12-03 20:28:07,49.5776,111.9753,13.24,89,13,4.25,few clouds
287,Sanchor,IN,2021-12-03 20:28:07,24.7553,71.7722,69.28,46,0,5.64,clear sky
288,Bambous Virieux,MU,2021-12-03 20:28:08,-20.3428,57.7575,78.22,83,20,8.05,few clouds
289,Vega De Alatorre,MX,2021-12-03 20:28:08,20.0333,-96.6333,77.76,75,28,6.22,scattered clouds
290,Porto Novo,BJ,2021-12-03 20:28:08,6.4965,2.6036,84.02,80,100,8.48,overcast clouds
291,Sao Filipe,CV,2021-12-03 20:28:09,14.8961,-24.4956,75.52,72,78,13.02,broken clouds
292,Soyo,AO,2021-12-03 20:28:09,-6.1349,12.3689,79.36,87,100,6.26,overcast clouds
293,Santarem,BR,2021-12-03 20:28:10,-2.4431,-54.7083,82.53,89,20,5.75,few clouds
294,Ken Caryl,US,2021-12-03 20:27:03,39.5773,-105.1169,68.7,31,33,3.0,scattered clouds
295,Parrita,CR,2021-12-03 20:28:10,9.5201,-84.3225,87.57,79,42,2.71,scattered clouds
296,Isangel,VU,2021-12-03 20:28:11,-19.55,169.2667,73.51,88,20,0.0,few clouds
297,Santa Helena,BR,2021-12-03 20:28:11,-2.2311,-45.3,80.96,81,62,3.96,broken clouds
298,Khorixas,NA,2021-12-03 20:28:11,-20.3667,14.9667,64.99,39,60,9.64,broken clouds
299,Oranjestad,AW,2021-12-03 20:25:17,12.524,-70.027,84.15,74,20,18.41,few clouds
300,Iskateley,RU,2021-12-03 20:28:12,67.6803,53.1512,-4.77,94,22,7.92,few clouds
301,Galle,LK,2021-12-03 20:28:12,6.0367,80.217,77.56,86,97,2.55,overcast clouds
302,Komsomolskiy,UZ,2021-12-03 20:28:13,40.4272,71.7189,43.52,52,100,6.91,haze
303,Goderich,CA,2021-12-03 20:28:13,43.7501,-81.7165,36.91,75,99,2.3,overcast clouds
304,Shalakusha,RU,2021-12-03 20:28:13,62.2247,40.2539,4.32,90,100,8.05,overcast clouds
305,Marrakesh,MA,2021-12-03 20:28:14,31.6315,-8.0083,50.07,66,0,4.61,clear sky
306,North Bend,US,2021-12-03 20:28:14,43.4065,-124.2243,54.86,88,1,3.44,clear sky
307,Noumea,NC,2021-12-03 20:27:23,-22.2763,166.4572,81.0,99,100,7.23,overcast clouds
308,Severnyy-Kospashskiy,RU,2021-12-03 20:28:14,59.0925,57.8008,20.61,87,100,6.02,overcast clouds
309,Severobaykalsk,RU,2021-12-03 20:28:15,55.65,109.3167,24.73,89,97,4.09,overcast clouds
310,Polovinnoye,RU,2021-12-03 20:28:15,54.7914,65.9864,27.37,91,94,14.43,overcast clouds
311,Nawa,IN,2021-12-03 20:28:16,27.0167,75.0,60.76,51,0,1.07,clear sky
312,Muzhi,RU,2021-12-03 20:28:16,65.3667,64.6667,-1.66,94,100,6.73,overcast clouds
313,Rocha,UY,2021-12-03 20:28:16,-34.4833,-54.3333,70.61,62,66,10.76,broken clouds
314,Aykhal,RU,2021-12-03 20:28:17,66.0,111.5,-10.14,98,100,9.1,light snow
315,Lata,PT,2021-12-03 20:28:17,40.1629,-8.3327,52.81,93,64,0.4,broken clouds
316,Chernaya Kholunitsa,RU,2021-12-03 20:28:17,58.8511,51.7154,12.52,100,100,3.22,overcast clouds
317,Kudahuvadhoo,MV,2021-12-03 20:28:18,2.6708,72.8944,82.31,76,8,7.74,clear sky
318,Anadyr,RU,2021-12-03 20:28:18,64.75,177.4833,18.1,78,40,24.61,scattered clouds
319,Roald,NO,2021-12-03 20:28:18,62.5833,6.1333,32.09,64,75,3.44,light snow
320,Ozernovskiy,RU,2021-12-03 20:28:19,51.5,156.5167,39.25,80,100,21.83,overcast clouds
321,College,US,2021-12-03 20:27:51,64.8569,-147.8028,-19.41,70,1,0.0,clear sky
322,Makakilo City,US,2021-12-03 20:28:19,21.3469,-158.0858,79.12,79,75,4.61,light rain
323,Rio Grande,BR,2021-12-03 20:28:20,-32.035,-52.0986,77.11,63,14,15.43,few clouds
324,Chkalovskoye,RU,2021-12-03 20:28:20,44.8392,133.0436,11.25,93,100,9.31,light snow
325,Pangnirtung,CA,2021-12-03 20:28:20,66.1451,-65.7125,17.6,67,90,5.75,overcast clouds
326,Dibulla,CO,2021-12-03 20:28:21,11.2725,-73.3091,87.58,58,100,12.75,overcast clouds
327,Kailua,US,2021-12-03 20:27:24,21.4022,-157.7394,80.58,80,90,16.11,light rain
328,Port Blair,IN,2021-12-03 20:28:21,11.6667,92.75,79.32,84,7,8.05,clear sky
329,Ushtobe,KZ,2021-12-03 20:28:21,45.2514,77.9838,43.74,49,100,1.28,moderate rain
330,Yichun,CN,2021-12-03 20:28:22,47.7,128.9,-9.56,97,11,3.24,few clouds
331,Santa Maria Del Oro,MX,2021-12-03 20:28:22,25.9333,-105.3667,73.71,26,24,3.09,few clouds
332,Santa Luzia,BR,2021-12-03 20:28:22,-19.7697,-43.8514,66.34,94,75,11.5,thunderstorm with rain
333,Coquimbo,CL,2021-12-03 20:28:23,-29.9533,-71.3436,64.13,67,0,14.97,clear sky
334,Diamantino,BR,2021-12-03 20:28:23,-14.4086,-56.4461,83.77,77,100,3.11,overcast clouds
335,Nantucket,US,2021-12-03 20:28:24,41.2835,-70.0995,42.94,52,62,25.95,broken clouds
336,Calabozo,VE,2021-12-03 20:28:24,8.9242,-67.4293,93.15,35,88,7.63,overcast clouds
337,Punta Alta,AR,2021-12-03 20:28:24,-38.8759,-62.0736,60.35,62,97,17.0,overcast clouds
338,Chokwe,MZ,2021-12-03 20:28:25,-24.5333,32.9833,76.5,85,66,12.41,light rain
339,Andenes,NO,2021-12-03 20:28:25,69.3143,16.1194,26.58,54,40,13.8,scattered clouds
340,Qinhuangdao,CN,2021-12-03 20:26:45,39.9317,119.5883,37.69,45,6,3.58,clear sky
341,Fairbanks,US,2021-12-03 20:25:31,64.8378,-147.7164,-19.39,70,1,0.0,clear sky
342,Mayo,US,2021-12-03 20:28:26,38.8876,-76.5119,54.28,49,90,3.0,overcast clouds
343,Belyy Yar,RU,2021-12-03 20:28:26,53.6039,91.3903,17.85,75,100,4.47,smoke
344,Bafq,IR,2021-12-03 20:28:27,31.6128,55.4107,49.48,60,2,4.34,clear sky
345,Gizo,SB,2021-12-03 20:28:27,-8.103,156.8419,82.65,72,100,4.07,overcast clouds
346,Lasa,IT,2021-12-03 20:28:27,46.6166,10.7002,27.48,50,42,3.11,scattered clouds
347,Tateyama,JP,2021-12-03 20:28:28,34.9833,139.8667,46.42,59,0,15.35,clear sky
348,Tuatapere,NZ,2021-12-03 20:28:28,-46.1333,167.6833,58.82,89,100,2.68,light rain
349,Kavieng,PG,2021-12-03 20:28:28,-2.5744,150.7967,82.24,78,61,9.01,broken clouds
350,Darovskoy,RU,2021-12-03 20:28:29,58.77,47.9564,24.49,96,100,5.37,light snow
351,Yaan,NG,2021-12-03 20:28:29,7.3833,8.5667,83.34,20,22,1.12,few clouds
352,Pachino,IT,2021-12-03 20:28:29,36.7186,15.0907,50.04,78,100,16.26,overcast clouds
353,Sainte-Marie,RE,2021-12-03 20:28:30,-20.8968,55.5496,78.93,69,40,12.66,scattered clouds
354,Taybad,IR,2021-12-03 20:28:30,34.74,60.7756,41.4,81,79,12.86,broken clouds
355,Jacmel,HT,2021-12-03 20:28:31,18.2342,-72.5347,84.04,70,100,3.56,overcast clouds
356,Saskylakh,RU,2021-12-03 20:28:31,71.9167,114.0833,-25.49,96,100,10.09,overcast clouds
357,Forestville,US,2021-12-03 20:28:31,38.8451,-76.875,54.07,48,75,13.8,broken clouds
358,Olafsvik,IS,2021-12-03 20:28:32,64.8945,-23.7142,36.27,70,100,8.3,overcast clouds
359,Kulebaki,RU,2021-12-03 20:28:32,55.4133,42.5325,38.59,95,100,13.6,light rain
360,Kupang,ID,2021-12-03 20:28:33,-10.1667,123.5833,79.77,85,100,2.3,heavy intensity rain
361,Puerto Del Rosario,ES,2021-12-03 20:28:33,28.5004,-13.8627,64.15,72,40,21.85,scattered clouds
362,Nanortalik,GL,2021-12-03 20:28:33,60.1432,-45.2371,26.15,50,96,5.32,overcast clouds
363,Dauphin,CA,2021-12-03 20:28:34,51.1494,-100.0502,26.74,63,75,28.77,broken clouds
364,Morgan City,US,2021-12-03 20:28:35,29.6994,-91.2068,78.01,64,20,8.05,few clouds
365,Shizunai,JP,2021-12-03 20:28:35,42.3339,142.3669,37.81,89,93,9.84,overcast clouds
366,Aketi,CD,2021-12-03 20:28:36,2.7388,23.7833,72.1,96,100,2.84,overcast clouds
367,Tarko-Sale,RU,2021-12-03 20:28:36,64.9225,77.785,-12.37,93,37,9.69,scattered clouds
368,Vila Franca Do Campo,PT,2021-12-03 20:28:36,37.7167,-25.4333,63.19,75,24,3.33,few clouds
369,Benjamin Hill,MX,2021-12-03 20:28:37,30.1667,-111.1,72.84,23,10,3.04,clear sky
370,Santa Rosa De Aguan,HN,2021-12-03 20:28:38,15.95,-85.7167,80.62,69,29,7.23,scattered clouds
371,Qaqortoq,GL,2021-12-03 20:28:38,60.7167,-46.0333,19.9,64,86,11.25,overcast clouds
372,Skibbereen,IE,2021-12-03 20:28:39,51.55,-9.2667,46.2,87,34,14.12,scattered clouds
373,Mandera,KE,2021-12-03 20:28:39,3.9366,41.867,86.99,39,15,0.92,few clouds
374,Khatanga,RU,2021-12-03 20:28:40,71.9667,102.5,-18.8,98,100,14.45,overcast clouds
375,Bartlesville,US,2021-12-03 20:28:40,36.7473,-95.9808,77.56,63,1,0.0,clear sky
376,Itapui,BR,2021-12-03 20:28:41,-22.2333,-48.7192,89.6,42,0,6.17,clear sky
377,Namibe,AO,2021-12-03 20:28:41,-15.1961,12.1522,73.9,60,5,6.44,clear sky
378,Mhlambanyatsi,SZ,2021-12-03 20:28:42,-26.45,31.0167,62.56,98,100,2.84,light rain
379,Ismailia,EG,2021-12-03 20:28:42,30.6043,32.2723,62.96,61,100,7.67,overcast clouds
380,Brae,GB,2021-12-03 20:28:42,60.3964,-1.353,44.51,74,23,11.12,few clouds
381,Olavarria,AR,2021-12-03 20:28:43,-36.8927,-60.3225,67.68,70,100,3.78,overcast clouds
382,Houma,US,2021-12-03 20:28:43,29.5958,-90.7195,79.0,68,40,4.61,scattered clouds
383,Ponta Do Sol,PT,2021-12-03 20:28:43,32.6667,-17.1,65.03,66,70,9.91,broken clouds
384,Kaoma,ZM,2021-12-03 20:28:44,-14.7833,24.8,76.55,44,75,5.61,broken clouds
385,San Ignacio,BZ,2021-12-03 20:28:44,17.1561,-89.0714,84.34,70,40,9.22,scattered clouds
386,Ponta Delgada,PT,2021-12-03 20:28:45,37.7333,-25.6667,63.5,88,75,8.05,broken clouds
387,Gamba,GA,2021-12-03 20:28:45,-2.65,10.0,77.65,88,100,4.47,light rain
388,Amel,BE,2021-12-03 20:28:46,50.3514,6.1681,36.82,97,100,15.08,overcast clouds
389,Parambu,BR,2021-12-03 20:28:46,-6.2111,-40.6944,90.68,31,97,9.55,overcast clouds
390,Severo-Yeniseyskiy,RU,2021-12-03 20:28:47,60.3725,93.0408,26.6,91,100,11.1,overcast clouds
391,Sao Jose Da Coroa Grande,BR,2021-12-03 20:28:47,-8.8978,-35.1478,81.48,76,32,12.28,scattered clouds
392,La Rioja,ES,2021-12-03 20:28:47,42.25,-2.5,43.48,87,100,8.19,overcast clouds
393,Verkhnevilyuysk,RU,2021-12-03 20:28:48,63.4453,120.3167,-6.97,96,100,8.97,overcast clouds
394,Coronado,US,2021-12-03 20:28:48,32.6859,-117.1831,76.48,70,40,9.22,scattered clouds
395,Ilam,NP,2021-12-03 20:28:49,26.9167,87.9167,56.84,86,91,2.95,overcast clouds
396,Kralendijk,BQ,2021-12-03 20:28:49,12.15,-68.2667,84.18,74,40,16.11,scattered clouds
397,Muncar,ID,2021-12-03 20:28:50,-8.4333,114.3333,75.85,90,97,2.62,overcast clouds
398,Flinders,AU,2021-12-03 20:28:50,-34.5833,150.8552,64.2,92,100,4.9,overcast clouds
399,Palmer,US,2021-12-03 20:28:50,42.1584,-72.3287,40.64,44,20,5.01,few clouds
400,Lleida,ES,2021-12-03 20:28:51,41.6167,0.6167,50.49,86,0,10.36,clear sky
401,Alofi,NU,2021-12-03 20:28:51,-19.0595,-169.9187,80.49,83,75,10.36,light rain
402,Asau,RO,2021-12-03 20:28:51,46.4333,26.4,34.95,81,100,2.73,light rain
403,Karratha,AU,2021-12-03 20:28:52,-20.7377,116.8463,84.15,37,5,10.45,clear sky
404,Okha,RU,2021-12-03 20:28:52,53.5739,142.9478,9.97,90,77,12.73,broken clouds
405,Sao Tome,ST,2021-12-03 20:28:52,0.3365,6.7273,78.89,79,100,4.83,overcast clouds
406,Luganville,VU,2021-12-03 20:28:53,-15.5333,167.1667,80.67,81,79,8.46,broken clouds
407,Wamba,NG,2021-12-03 20:28:53,8.9333,8.6,78.76,24,54,3.49,broken clouds
408,Ust-Kut,RU,2021-12-03 20:28:54,56.7938,105.7672,13.37,87,24,5.39,few clouds
409,Broome,US,2021-12-03 20:28:54,42.2506,-75.833,38.62,66,75,5.99,broken clouds
410,Siniscola,IT,2021-12-03 20:28:55,40.5719,9.6922,45.95,76,72,10.54,broken clouds
411,Mitsamiouli,KM,2021-12-03 20:28:55,-11.3847,43.2844,80.82,76,22,10.74,few clouds
412,Burns Lake,CA,2021-12-03 20:28:56,54.2331,-125.7533,29.62,77,100,4.59,overcast clouds
413,Quatre Cocos,MU,2021-12-03 20:28:56,-20.2078,57.7625,78.1,76,9,12.86,clear sky
414,Pueblo Nuevo,MX,2021-12-03 20:28:56,23.3833,-105.3833,72.82,29,81,6.11,broken clouds
415,Svetlaya,RU,2021-12-03 20:28:57,46.5389,138.3297,7.23,78,11,8.88,few clouds
416,Nangal,IN,2021-12-03 20:28:57,31.3667,76.3833,59.86,68,2,3.09,clear sky
417,Saint-Francois,FR,2021-12-03 20:28:58,46.4154,3.9054,38.68,88,90,11.5,light rain
418,Mubende,UG,2021-12-03 20:28:58,0.5606,31.39,61.36,99,95,1.61,overcast clouds
419,Vyazemskiy,RU,2021-12-03 20:28:59,47.5378,134.7525,-3.75,100,96,3.29,overcast clouds
420,Cotonou,BJ,2021-12-03 20:29:00,6.3654,2.4183,84.18,84,20,11.5,few clouds
421,Hirara,JP,2021-12-03 20:29:00,24.8,125.2833,66.87,51,56,18.92,broken clouds
422,Tonantins,BR,2021-12-03 20:29:01,-2.8731,-67.8022,86.92,62,100,2.62,overcast clouds
423,Hutchinson,US,2021-12-03 20:24:43,38.0608,-97.9298,66.47,42,1,5.01,clear sky
424,Aparecida Do Taboado,BR,2021-12-03 20:29:01,-20.0867,-51.0936,88.59,44,31,3.91,scattered clouds
425,Husavik,IS,2021-12-03 20:29:02,66.0449,-17.3389,15.71,81,98,12.66,overcast clouds
426,Mount Gambier,AU,2021-12-03 20:29:02,-37.8333,140.7667,51.71,87,40,1.14,scattered clouds
427,Sardarshahr,IN,2021-12-03 20:29:03,28.4333,74.4833,64.96,27,0,4.25,clear sky
428,Zhigansk,RU,2021-12-03 20:29:03,66.7697,123.3711,-39.71,99,83,9.93,broken clouds
429,Finale Ligure,IT,2021-12-03 20:29:04,44.1695,8.3436,47.86,41,10,1.99,clear sky
430,Harnosand,SE,2021-12-03 20:29:04,62.6323,17.9379,23.0,91,100,13.82,light snow
431,Buritizeiro,BR,2021-12-03 20:29:04,-17.3511,-44.9622,81.12,65,96,3.69,overcast clouds
432,Amga,RU,2021-12-03 20:29:05,60.8953,131.9608,-33.2,100,94,2.44,overcast clouds
433,Raga,SS,2021-12-03 20:29:05,8.4596,25.678,79.25,31,100,4.59,overcast clouds
434,Caravelas,BR,2021-12-03 20:29:05,-17.7125,-39.2481,77.97,78,92,8.14,overcast clouds
435,Comodoro Rivadavia,AR,2021-12-03 20:29:06,-45.8667,-67.5,67.86,37,0,17.27,clear sky
436,Douentza,ML,2021-12-03 20:29:06,14.9951,-2.9517,81.59,12,9,5.75,clear sky
437,Thinadhoo,MV,2021-12-03 20:29:06,0.5333,72.9333,82.02,78,25,10.47,scattered clouds
438,Cayenne,GF,2021-12-03 20:29:07,4.9333,-52.3333,78.1,89,75,3.44,fog
439,Grindavik,IS,2021-12-03 20:29:07,63.8424,-22.4338,32.47,93,75,14.97,light shower snow
440,Anuppur,IN,2021-12-03 20:29:07,23.1,81.6833,57.88,57,70,1.23,broken clouds
441,Antalya,TR,2021-12-03 20:29:08,36.7741,30.7178,61.02,73,40,5.75,scattered clouds
442,Bukama,CD,2021-12-03 20:29:08,-9.2,25.85,70.11,92,100,2.51,overcast clouds
443,Barra Do Garcas,BR,2021-12-03 20:29:08,-15.89,-52.2567,91.98,46,20,4.61,few clouds
444,Svetlogorsk,BY,2021-12-03 20:29:09,52.6333,29.7333,28.81,87,43,13.31,scattered clouds
445,Iqaluit,CA,2021-12-03 20:29:09,63.7506,-68.5145,8.33,71,40,8.01,scattered clouds
446,Selikhino,RU,2021-12-03 20:29:10,50.3672,137.4996,0.18,98,100,0.47,overcast clouds
447,San Policarpo,PH,2021-12-03 20:29:10,12.1791,125.5072,78.82,73,100,16.4,overcast clouds
448,Tambilil,PH,2021-12-03 20:29:11,5.9622,124.6697,79.07,80,100,4.09,overcast clouds
449,Valle Hermoso,MX,2021-12-03 20:29:11,25.6667,-97.8333,84.34,53,17,15.17,few clouds
450,Terney,RU,2021-12-03 20:29:11,45.0503,136.6092,10.33,78,5,11.03,clear sky
451,Scarborough,GB,2021-12-03 20:29:12,54.2797,-0.4044,43.92,88,74,1.01,broken clouds
452,Varzelandia,BR,2021-12-03 20:29:12,-15.7014,-44.0275,75.76,81,93,3.13,overcast clouds
453,Kinshasa,CD,2021-12-03 20:29:12,-4.3246,15.3215,76.6,86,100,1.66,light rain
454,Usinsk,RU,2021-12-03 20:29:13,65.9939,57.5281,-6.02,84,100,12.37,overcast clouds
455,Kaniama,CD,2021-12-03 20:29:13,-7.5667,24.1833,68.65,89,14,3.13,few clouds
456,Camopi,GF,2021-12-03 20:29:14,3.1655,-52.3158,76.96,97,100,2.68,light rain
457,Port Said,EG,2021-12-03 20:29:14,31.2565,32.2841,66.18,68,20,3.44,few clouds
458,Beausejour,CA,2021-12-03 20:24:16,50.0622,-96.5167,29.97,73,53,16.08,broken clouds
459,Grand Gaube,MU,2021-12-03 20:29:15,-20.0064,57.6608,78.39,75,7,7.0,clear sky
460,Liku,ID,2021-12-03 20:29:15,-0.7275,119.8922,77.72,80,100,1.05,overcast clouds
461,Yulara,AU,2021-12-03 20:29:16,-25.2406,130.9889,78.64,31,0,9.22,clear sky
462,Rincon,US,2021-12-03 20:26:12,32.296,-81.2354,81.86,33,20,0.0,few clouds
463,Tshikapa,CD,2021-12-03 20:29:16,-6.4167,20.8,72.03,94,100,1.41,light rain
464,Ryotsu,JP,2021-12-03 20:29:17,38.0833,138.4333,41.0,88,100,7.36,light rain
465,Zhangye,CN,2021-12-03 20:29:17,38.9342,100.4517,27.01,46,0,2.98,clear sky
466,Mongo,TD,2021-12-03 20:29:18,12.1844,18.693,82.13,22,3,5.01,clear sky
467,Shahr-E Babak,IR,2021-12-03 20:29:18,30.1165,55.1186,44.06,60,0,0.31,clear sky
468,Svetlyy,RU,2021-12-03 20:29:18,54.675,20.1347,33.85,98,100,13.27,light rain
469,Jacareacanga,BR,2021-12-03 20:29:19,-6.2222,-57.7528,81.34,90,81,1.83,broken clouds
470,Smidovich,RU,2021-12-03 20:29:19,48.6,133.8167,-19.1,99,62,3.27,broken clouds
471,Palmares Do Sul,BR,2021-12-03 20:29:20,-30.2578,-50.5097,71.55,68,66,18.23,broken clouds
472,Aguimes,ES,2021-12-03 20:29:20,27.9054,-15.4461,63.23,59,75,20.71,broken clouds
473,Samarai,PG,2021-12-03 20:29:21,-10.6167,150.6667,81.0,80,62,5.39,broken clouds
474,Nabire,ID,2021-12-03 20:29:21,-3.3667,135.4833,76.46,91,100,2.37,overcast clouds
475,Imbituba,BR,2021-12-03 20:29:21,-28.24,-48.6703,73.29,67,96,8.66,overcast clouds
476,Katesh,TZ,2021-12-03 20:29:22,-4.5167,35.3833,61.83,70,36,7.78,scattered clouds
477,Iacu,BR,2021-12-03 20:29:22,-12.7672,-40.2117,79.88,75,100,5.88,moderate rain
478,Great Yarmouth,GB,2021-12-03 20:29:22,52.6083,1.7305,43.05,92,100,6.26,light rain
479,Mantua,IT,2021-12-03 20:29:23,45.1667,10.7833,43.34,89,7,1.01,clear sky
480,Kaa-Khem,RU,2021-12-03 20:29:24,51.6833,94.7333,3.99,87,100,2.24,overcast clouds
481,Mehamn,NO,2021-12-03 20:29:24,71.0357,27.8492,23.18,85,0,14.97,clear sky
482,Szczecinek,PL,2021-12-03 20:29:24,53.7079,16.6994,30.78,83,100,12.39,overcast clouds
483,Tupik,RU,2021-12-03 20:29:25,54.4253,119.9327,-2.18,93,100,2.48,overcast clouds
484,San Andres,CO,2021-12-03 20:26:26,12.5847,-81.7006,84.22,79,90,12.66,overcast clouds
485,Saint-Augustin,CA,2021-12-03 20:29:25,51.226,-58.6502,37.76,100,100,4.29,overcast clouds
486,Ulaanbaatar,MN,2021-12-03 20:29:26,47.9077,106.8832,-3.87,84,0,2.24,clear sky
487,Luanda,AO,2021-12-03 20:29:26,-8.8368,13.2343,78.8,83,75,10.36,broken clouds
488,Havoysund,NO,2021-12-03 20:29:27,70.9963,24.6622,23.23,82,44,12.15,scattered clouds
489,Konstantinovka,RU,2021-12-03 20:29:27,49.6167,127.9833,-16.31,92,5,4.76,clear sky
490,Castanos,MX,2021-12-03 20:29:27,26.7833,-101.4167,84.34,34,20,0.0,few clouds
491,Baherden,TM,2021-12-03 20:29:28,38.4362,57.4316,43.27,88,100,4.74,overcast clouds
492,Ruidoso,US,2021-12-03 20:29:28,33.3317,-105.673,63.63,28,1,17.27,clear sky
493,Korla,CN,2021-12-03 20:29:28,41.7597,86.1469,25.61,50,37,2.04,scattered clouds
494,Ayan,RU,2021-12-03 20:29:29,56.45,138.1667,-5.35,85,20,13.29,few clouds
495,Gravdal,NO,2021-12-03 20:29:29,68.1214,13.5031,28.29,50,40,14.97,scattered clouds
496,Westport,US,2021-12-03 20:29:29,41.1415,-73.3579,47.05,48,1,1.01,clear sky
497,Banjar,ID,2021-12-03 20:29:30,-8.19,114.9675,80.46,87,92,2.26,overcast clouds
498,Cabra,ES,2021-12-03 20:29:30,37.4725,-4.4421,47.39,70,0,2.73,clear sky
499,Salinopolis,BR,2021-12-03 20:29:31,-0.6136,-47.3561,81.23,78,97,7.65,overcast clouds
500,Khandyga,RU,2021-12-03 20:29:31,62.6667,135.6,-43.49,100,76,3.56,broken clouds
501,Berlevag,NO,2021-12-03 20:29:31,70.8578,29.0864,17.4,67,40,9.22,scattered clouds
502,Portales,US,2021-12-03 20:25:34,34.1862,-103.3344,70.34,19,0,3.0,clear sky
503,Meadow Lake,US,2021-12-03 20:29:32,34.8014,-106.5436,66.97,21,6,4.72,clear sky
504,Hazorasp,UZ,2021-12-03 20:29:32,41.3194,61.0742,37.24,59,100,13.2,overcast clouds
505,Sisophon,KH,2021-12-03 20:29:32,13.5859,102.9737,63.7,70,100,8.79,overcast clouds
506,Robertsport,LR,2021-12-03 20:29:33,6.7533,-11.3686,82.22,77,100,9.95,overcast clouds
507,Qasigiannguit,GL,2021-12-03 20:29:33,68.8193,-51.1922,16.05,71,18,10.83,few clouds
508,Wanning,CN,2021-12-03 20:29:33,18.8003,110.3967,60.94,62,89,8.86,overcast clouds
509,Cadereyta,MX,2021-12-03 20:29:34,25.5833,-99.9833,90.59,40,10,4.97,clear sky
510,Serebryanyy Bor,RU,2021-12-03 20:29:34,56.8,124.8,-10.8,93,100,4.09,overcast clouds
511,Xuanzhou,CN,2021-12-03 20:29:34,30.9525,118.7553,42.71,48,2,2.42,clear sky
512,Port Macquarie,AU,2021-12-03 20:29:35,-31.4333,152.9167,69.89,94,40,0.0,scattered clouds
513,Shkoder,AL,2021-12-03 20:25:15,42.0683,19.5126,46.58,89,100,5.1,overcast clouds
514,San Jose,US,2021-12-03 20:27:47,37.3394,-121.895,61.5,76,75,3.44,haze
515,Chute-Aux-Outardes,CA,2021-12-03 20:29:36,49.1168,-68.399,23.31,68,90,9.22,overcast clouds
516,Chinsali,ZM,2021-12-03 20:29:36,-10.5414,32.0816,69.51,35,39,5.77,scattered clouds
517,Putyatino,RU,2021-12-03 20:29:36,54.16,41.1169,40.57,90,100,17.52,overcast clouds
518,Aktash,RU,2021-12-03 20:29:37,50.3,87.7333,10.49,71,100,5.26,overcast clouds
519,Richards Bay,ZA,2021-12-03 20:29:37,-28.783,32.0377,69.6,85,100,3.09,light rain
520,Porciuncula,BR,2021-12-03 20:29:37,-20.9628,-42.0408,73.11,90,82,9.22,broken clouds
521,Bagdarin,RU,2021-12-03 20:29:38,54.4333,113.6,1.58,96,37,3.83,scattered clouds
522,Sawakin,SD,2021-12-03 20:29:38,19.1059,37.3321,79.92,72,24,8.99,few clouds
523,Yinchuan,CN,2021-12-03 20:29:38,38.4681,106.2731,32.22,22,0,2.08,clear sky
524,Bowen,AU,2021-12-03 20:29:39,-20.0167,148.2333,77.22,87,5,8.05,clear sky
525,Sakiai,LT,2021-12-03 20:29:39,54.9547,23.0358,30.45,87,84,7.76,broken clouds
526,Dingle,PH,2021-12-03 20:29:39,10.9995,122.6711,73.04,90,100,8.88,overcast clouds
527,Luangwa,ZM,2021-12-03 20:29:40,-15.6167,30.4167,83.95,38,30,3.18,scattered clouds
528,Chiredzi,ZW,2021-12-03 20:29:40,-21.05,31.6667,84.29,50,3,10.76,clear sky
529,Gobabis,NA,2021-12-03 20:29:41,-22.45,18.9667,69.58,67,94,0.58,overcast clouds
530,Chimbarongo,CL,2021-12-03 20:29:41,-34.7,-71.05,82.78,16,6,13.47,clear sky
531,San Vicente,AR,2021-12-03 20:29:41,-26.6167,-54.1333,91.63,17,4,3.18,clear sky
532,Marion,US,2021-12-03 20:29:17,39.7684,-86.1555,60.76,54,20,8.05,few clouds
533,Nyurba,RU,2021-12-03 20:29:42,63.2842,118.3319,-1.03,96,100,8.5,light snow
534,Simpang,ID,2021-12-03 20:29:42,-1.2667,104.0833,75.92,95,100,4.18,moderate rain
535,Waingapu,ID,2021-12-03 20:29:42,-9.6567,120.2641,79.41,85,100,3.56,overcast clouds
536,Marogong,PH,2021-12-03 20:29:43,7.6667,124.15,71.42,95,81,3.98,broken clouds
537,Itamaraju,BR,2021-12-03 20:29:43,-17.0392,-39.5311,76.08,85,55,6.04,broken clouds
538,Kaeo,NZ,2021-12-03 20:29:44,-35.1,173.7833,69.33,86,100,8.5,overcast clouds
539,Tessalit,ML,2021-12-03 20:29:44,20.1986,1.0114,73.26,15,91,9.35,overcast clouds
540,Yalta,UA,2021-12-03 20:29:44,44.5,34.1667,55.62,83,100,12.62,overcast clouds
541,Cedar Rapids,US,2021-12-03 20:29:45,42.0083,-91.6441,57.11,44,1,1.99,clear sky
542,San Isidro,PE,2021-12-03 20:29:45,-12.1167,-77.05,71.26,74,40,1.01,dust
543,Chara,RU,2021-12-03 20:29:45,56.9064,118.2631,6.24,91,100,5.28,overcast clouds
544,Omsukchan,RU,2021-12-03 20:29:46,62.5333,155.8,-35.55,94,28,3.78,scattered clouds
545,Yauya,PE,2021-12-03 20:29:46,-8.9833,-77.3,59.61,59,99,3.51,moderate rain
546,Beloha,MG,2021-12-03 20:29:46,-25.1667,45.05,74.28,71,0,4.56,clear sky
547,Elliot Lake,CA,2021-12-03 20:29:47,46.3834,-82.6331,23.09,34,100,6.6,overcast clouds
548,Nuevo Progreso,MX,2021-12-03 20:29:47,23.1667,-97.95,85.59,52,74,1.99,broken clouds
549,Kinablangan,PH,2021-12-03 20:29:47,7.6947,126.5503,75.87,91,100,5.12,overcast clouds
550,Rafaela,AR,2021-12-03 20:29:48,-31.2503,-61.4867,93.31,18,64,6.08,broken clouds
551,Ballina,AU,2021-12-03 20:29:48,-28.8667,153.5667,69.98,96,54,5.75,broken clouds
552,Banting,MY,2021-12-03 20:29:49,2.8167,101.5,77.14,93,100,2.95,overcast clouds
553,Najran,SA,2021-12-03 20:29:49,17.4924,44.1277,56.05,29,0,2.21,clear sky
554,Simao,CN,2021-12-03 20:29:49,22.7886,100.9748,48.31,94,19,2.66,few clouds
555,Zhirnovsk,RU,2021-12-03 20:29:50,50.9845,44.7735,40.75,69,100,17.4,overcast clouds
556,Bubaque,GW,2021-12-03 20:29:50,11.2833,-15.8333,82.04,73,88,13.04,overcast clouds
557,Narsaq,GL,2021-12-03 20:29:51,60.9167,-46.05,19.62,63,56,11.12,broken clouds
558,Hami,CN,2021-12-03 20:29:51,42.8,93.45,24.3,62,0,3.62,clear sky
559,Ayagoz,KZ,2021-12-03 20:29:52,47.9714,80.4392,29.91,95,100,3.78,overcast clouds
560,Hjelset,NO,2021-12-03 20:29:52,62.7833,7.4833,28.29,73,75,6.91,broken clouds
561,Ural,RU,2021-12-03 20:29:52,55.9078,94.7464,36.73,65,100,23.64,overcast clouds
562,Saint-Pierre,RE,2021-12-03 20:29:53,-21.3393,55.4781,78.44,77,0,3.44,clear sky
563,Vallenar,CL,2021-12-03 20:29:53,-28.5708,-70.7581,84.51,21,0,10.29,clear sky
564,Enshi,CN,2021-12-03 20:29:54,30.3,109.4833,45.14,86,7,0.63,clear sky
565,Vilhena,BR,2021-12-03 20:29:54,-12.7406,-60.1458,80.82,74,40,9.22,light rain
566,Saint Anthony,US,2021-12-03 20:29:54,45.0205,-93.218,45.66,84,40,1.01,scattered clouds
567,Clyde River,CA,2021-12-03 20:29:55,70.4692,-68.5914,8.83,92,89,12.66,light snow
568,Lelydorp,SR,2021-12-03 20:29:55,5.7,-55.2333,86.09,67,20,11.5,few clouds
569,Shelburne,CA,2021-12-03 20:29:55,44.0787,-80.2041,31.77,71,24,8.81,few clouds
570,Aripuana,BR,2021-12-03 20:29:56,-9.1667,-60.6333,77.63,96,100,0.96,overcast clouds
571,Tual,ID,2021-12-03 20:29:56,-5.6667,132.75,83.19,72,100,2.89,overcast clouds
572,Magadan,RU,2021-12-03 20:29:56,59.5667,150.8,-3.48,85,100,9.44,light snow
573,Turlock,US,2021-12-03 20:29:57,37.4947,-120.8466,74.14,82,1,0.0,haze
574,Vanavara,RU,2021-12-03 20:29:57,60.34,102.2797,28.85,96,100,12.26,snow
575,Pacific Grove,US,2021-12-03 20:29:58,36.6177,-121.9166,60.8,81,40,1.99,scattered clouds
576,Petropavlovsk-Kamchatskiy,RU,2021-12-03 20:29:58,53.0452,158.6483,30.79,86,40,2.24,scattered clouds
577,Kungurtug,RU,2021-12-03 20:29:58,50.5994,97.5228,0.77,83,27,2.24,scattered clouds
578,Tarkwa,GH,2021-12-03 20:29:59,5.3064,-1.9847,77.22,91,15,4.63,light rain
579,Lanigan,CA,2021-12-03 20:29:59,51.8501,-105.0344,24.69,76,6,16.24,clear sky
580,San Quintin,MX,2021-12-03 20:29:59,30.4833,-115.95,66.15,67,0,12.95,clear sky
581,Pangody,RU,2021-12-03 20:30:00,65.85,74.4859,-16.13,90,98,8.68,overcast clouds
582,Velikiy Ustyug,RU,2021-12-03 20:29:53,60.7644,46.3106,3.34,99,100,4.5,overcast clouds
583,Oussouye,SN,2021-12-03 20:30:00,12.485,-16.5469,78.98,49,89,1.95,overcast clouds
584,Ciawi,ID,2021-12-03 20:30:01,-7.5117,107.9767,67.75,94,68,1.92,moderate rain
585,Tarabha,IN,2021-12-03 20:30:01,20.7333,83.65,68.16,68,100,4.16,overcast clouds
586,Gushikawa,JP,2021-12-03 20:30:02,26.3544,127.8686,63.63,53,90,6.91,overcast clouds
587,Lingdong,CN,2021-12-03 20:30:03,46.5669,131.1453,-3.26,96,35,5.26,scattered clouds
588,Rojhan,PK,2021-12-03 20:30:04,28.6868,69.9534,64.17,23,0,7.54,clear sky
589,Srostki,RU,2021-12-03 20:30:04,52.4189,85.7022,33.12,94,100,17.54,overcast clouds
590,Key Largo,US,2021-12-03 20:28:48,25.0865,-80.4473,80.6,51,1,9.17,clear sky
591,Staryy Nadym,RU,2021-12-03 20:30:05,65.6118,72.6842,-8.23,89,100,8.01,overcast clouds
592,Millinocket,US,2021-12-03 20:30:06,45.6573,-68.7098,27.36,54,75,19.57,broken clouds
593,Mancio Lima,BR,2021-12-03 20:30:07,-7.6142,-72.8958,91.47,58,75,4.61,broken clouds
594,Yacuiba,BO,2021-12-03 20:30:07,-22.038,-63.6797,93.97,43,75,9.22,broken clouds
595,Qorveh,IR,2021-12-03 20:30:07,35.1664,47.8045,34.39,52,59,3.11,broken clouds
596,Kulhudhuffushi,MV,2021-12-03 20:30:08,6.6221,73.07,81.75,75,30,3.44,scattered clouds
597,Boca Do Acre,BR,2021-12-03 20:30:08,-8.7522,-67.3978,84.4,67,78,1.95,broken clouds
598,Nalut,LY,2021-12-03 20:30:08,30.3333,10.85,48.15,52,0,14.05,clear sky
599,Gumrak,RU,2021-12-03 20:30:09,48.7826,44.3824,39.11,93,0,13.42,clear sky
600,Santa Maria,BR,2021-12-03 20:30:09,-29.6842,-53.8069,83.5,42,0,14.97,clear sky
601,Neyshabur,IR,2021-12-03 20:30:10,36.2133,58.7958,44.33,81,99,1.97,overcast clouds
602,Jaen,ES,2021-12-03 20:30:10,38.0,-3.5,44.42,58,3,0.98,clear sky
603,Kieta,PG,2021-12-03 20:30:10,-6.2167,155.6333,81.59,76,8,2.59,clear sky
604,General Roca,AR,2021-12-03 20:30:11,-39.0333,-67.5833,68.63,35,95,12.28,light rain
605,San Pedro,PH,2021-12-03 20:29:31,14.35,121.0167,75.31,77,20,3.44,few clouds
606,Cozumel,MX,2021-12-03 20:30:02,20.5083,-86.9458,82.94,66,40,8.99,scattered clouds
607,Stornoway,GB,2021-12-03 20:30:11,58.2093,-6.3865,38.93,93,75,1.14,moderate rain
608,Russell,US,2021-12-03 20:26:04,32.3502,-85.1999,76.28,54,100,5.06,overcast clouds
609,Sakakah,SA,2021-12-03 20:30:12,29.9697,40.2064,54.97,43,100,9.13,overcast clouds
610,Rio Gallegos,AR,2021-12-03 20:30:12,-51.6226,-69.2181,69.85,28,0,21.85,clear sky
611,Matadi,CD,2021-12-03 20:30:12,-5.8167,13.45,78.22,94,100,4.43,overcast clouds
612,Bulnes,CL,2021-12-03 20:27:53,-36.7423,-72.2985,79.56,14,0,13.65,clear sky
613,Weligama,LK,2021-12-03 20:30:13,5.9667,80.4167,76.6,88,99,2.01,overcast clouds
614,Norrtalje,SE,2021-12-03 20:30:13,59.758,18.705,25.02,93,90,3.65,overcast clouds
615,Garden City,US,2021-12-03 20:30:14,42.3256,-83.331,38.21,91,90,3.44,overcast clouds
616,Bilibino,RU,2021-12-03 20:30:15,68.0546,166.4372,-19.12,98,100,13.09,overcast clouds
617,Santa Cruz De La Palma,ES,2021-12-03 20:30:16,28.6835,-17.7642,65.14,72,75,14.97,broken clouds
618,Zhanaozen,KZ,2021-12-03 20:30:16,43.3,52.8,37.11,61,0,12.17,clear sky
619,Mbandaka,CD,2021-12-03 20:30:16,0.0487,18.2603,73.11,90,100,0.13,light rain
620,Murray Bridge,AU,2021-12-03 20:30:17,-35.1167,139.2667,54.68,66,5,9.78,clear sky
621,Conde,BR,2021-12-03 20:30:17,-7.2597,-34.9075,81.86,78,40,10.36,scattered clouds
622,Surt,LY,2021-12-03 20:30:18,31.2089,16.5887,66.15,37,86,15.82,overcast clouds
623,Lavrentiya,RU,2021-12-03 20:30:19,65.5833,-171.0,12.52,94,100,14.67,snow
624,Kaseda,JP,2021-12-03 20:30:19,31.4167,130.3167,46.85,62,69,22.75,broken clouds
625,Sao Desiderio,BR,2021-12-03 20:30:20,-12.3633,-44.9733,77.85,75,96,1.95,overcast clouds
626,Florida,US,2021-12-03 20:28:36,28.7505,-82.5001,76.95,72,1,9.22,clear sky
627,Iaciara,BR,2021-12-03 20:30:20,-14.0958,-46.6317,75.92,84,91,3.89,light rain
628,Shagonar,RU,2021-12-03 20:30:21,51.5333,92.8,-0.09,97,100,4.16,overcast clouds
629,Batticaloa,LK,2021-12-03 20:30:21,7.7102,81.6924,77.47,84,96,3.11,overcast clouds
630,Eyl,SO,2021-12-03 20:30:22,7.9803,49.8164,76.96,63,2,15.26,clear sky
631,Esso,RU,2021-12-03 20:30:22,55.9333,158.7,19.24,96,98,2.46,overcast clouds
632,Kiruna,SE,2021-12-03 20:30:22,67.8557,20.2251,11.32,85,90,4.61,light snow
633,Steamboat Springs,US,2021-12-03 20:26:46,40.485,-106.8317,56.91,41,1,0.0,clear sky
634,Lodja,CD,2021-12-03 20:30:23,-3.4833,23.4333,71.11,95,100,2.28,overcast clouds
635,Gramoteino,RU,2021-12-03 20:30:23,54.5368,86.3839,27.77,87,59,11.25,broken clouds
636,Tymovskoye,RU,2021-12-03 20:30:24,50.8456,142.655,-4.58,87,49,3.67,scattered clouds
637,Itarema,BR,2021-12-03 20:30:24,-2.9248,-39.9167,81.32,77,36,15.1,moderate rain
638,Uglich,RU,2021-12-03 20:30:24,57.5275,38.3317,31.87,96,100,8.34,light snow
639,Beckley,US,2021-12-03 20:30:25,37.7782,-81.1882,66.06,44,1,5.01,clear sky
640,Teya,RU,2021-12-03 20:30:25,60.3778,92.6267,29.5,89,100,10.2,overcast clouds
641,Karagaylinskiy,RU,2021-12-03 20:30:26,54.172,86.5521,33.35,81,99,16.96,overcast clouds
642,Pundaguitan,PH,2021-12-03 20:30:26,6.3711,126.1689,79.59,82,100,9.95,overcast clouds
643,Half Moon Bay,US,2021-12-03 20:30:10,37.4636,-122.4286,61.54,84,90,0.0,mist
644,Karpathos,GR,2021-12-03 20:30:27,35.507,27.2132,66.16,72,100,18.41,overcast clouds
645,Maracaibo,VE,2021-12-03 20:27:16,10.6317,-71.6406,85.26,63,100,6.85,overcast clouds
646,Loiza,PR,2021-12-03 20:30:27,18.4313,-65.8802,84.87,70,40,11.5,scattered clouds
647,Mananjary,MG,2021-12-03 20:30:28,-21.2167,48.3333,74.62,90,22,5.75,few clouds
648,Gerash,IR,2021-12-03 20:30:28,27.6652,54.1371,55.54,77,0,4.92,clear sky
649,Abu Dhabi,AE,2021-12-03 20:27:16,24.4667,54.3667,76.96,70,0,5.75,clear sky
650,Zavodouspenskoye,RU,2021-12-03 20:30:29,56.8626,65.0155,28.62,86,80,10.38,broken clouds
651,Dunedin,NZ,2021-12-03 20:30:29,-45.8742,170.5036,58.41,97,100,3.44,overcast clouds
652,Sertania,BR,2021-12-03 20:30:30,-8.0736,-37.2644,89.28,25,88,8.99,overcast clouds
653,Opuwo,NA,2021-12-03 20:30:30,-18.0607,13.84,69.91,35,41,3.0,scattered clouds
654,Moa,CU,2021-12-03 20:30:30,20.6569,-74.9403,79.86,77,28,11.32,scattered clouds
655,Biak,ID,2021-12-03 20:30:31,-0.9131,122.8766,76.89,83,100,1.9,overcast clouds
656,Giaveno,IT,2021-12-03 20:30:31,45.047,7.3492,39.81,54,74,1.99,broken clouds
657,Mildura,AU,2021-12-03 20:28:52,-34.2,142.15,55.36,58,2,11.5,clear sky
658,Yerbabuena,MX,2021-12-03 20:30:32,20.9667,-101.2667,77.72,18,55,8.28,broken clouds
659,Hurghada,EG,2021-12-03 20:30:32,27.2574,33.8129,62.64,48,0,6.91,clear sky
660,Urmary,RU,2021-12-03 20:30:33,55.6789,47.944,33.78,96,100,13.82,overcast clouds
661,Manzhouli,CN,2021-12-03 20:30:33,49.6,117.4333,10.26,98,93,3.49,overcast clouds
662,Verkhovazhye,RU,2021-12-03 20:30:34,60.7472,42.0465,11.52,94,100,8.9,overcast clouds
663,Aklavik,CA,2021-12-03 20:30:34,68.2191,-135.0107,-24.77,68,40,4.61,scattered clouds
664,Nenjiang,CN,2021-12-03 20:30:35,49.1833,125.2167,-9.51,92,7,3.09,clear sky
665,Barabai,ID,2021-12-03 20:30:35,-2.5833,115.3833,74.97,98,97,0.92,overcast clouds
666,Gasa,PS,2021-12-03 20:30:35,31.5,34.4667,60.78,60,100,4.21,overcast clouds
667,Kucevo,RS,2021-12-03 20:30:36,44.4775,21.67,31.93,81,98,4.61,overcast clouds
668,Kibaya,TZ,2021-12-03 20:30:36,-5.3,36.5667,60.49,87,33,4.43,scattered clouds
669,Betioky,MG,2021-12-03 20:30:36,-23.7167,44.3833,77.76,51,5,3.49,clear sky
670,Totma,RU,2021-12-03 20:30:37,59.9747,42.7642,17.4,95,100,9.37,light snow
671,Kendari,ID,2021-12-03 20:30:37,-3.945,122.4989,75.56,92,100,3.22,overcast clouds
672,Muros,ES,2021-12-03 20:30:38,42.7762,-9.0603,57.09,93,53,15.37,broken clouds
673,Giresun,TR,2021-12-03 20:30:38,40.5,38.5,18.72,58,0,7.29,clear sky
674,Bahia Blanca,AR,2021-12-03 20:30:38,-38.7196,-62.2724,59.77,61,100,13.06,overcast clouds
675,Tezu,IN,2021-12-03 20:30:39,27.9167,96.1667,64.04,55,100,3.58,overcast clouds
676,Miranda,CO,2021-12-03 20:30:39,3.2499,-76.2281,77.13,76,99,1.66,overcast clouds
677,Mohacs,HU,2021-12-03 20:30:40,45.9931,18.6831,35.06,71,37,5.17,scattered clouds
678,Digby,CA,2021-12-03 20:30:34,44.6169,-65.7655,35.11,69,100,26.37,overcast clouds
679,Taoudenni,ML,2021-12-03 20:30:40,22.6783,-3.9836,67.24,14,79,10.83,broken clouds
680,Bahia Honda,CU,2021-12-03 20:30:41,22.9036,-83.1592,76.28,62,7,10.89,clear sky
681,Ada,US,2021-12-03 20:30:41,43.4166,-116.1262,57.74,70,1,1.99,clear sky
